code,symbol,name,h_jun,l_jul,mid_line,h_aug18,break_diff,break_pct
600326,sh600326,西藏天路,4.65,4.17,4.41,6.58,2.17,49.21
603458,sh603458,勘设股份,5.97,5.66,5.815,8.33,2.515,43.25
603559,sh603559,中通国脉,2.673,2.998,2.836,4.006,1.17,41.28
688091,sh688091,上海谊众,23.68,20.59,22.135,31.0,8.865,40.05
603863,sh603863,松炀资源,19.58,21.5,20.54,27.7,7.16,34.86
603879,sh603879,永悦科技,2.01,2.55,2.28,2.92,0.64,28.07
600778,sh600778,友好集团,3.96,3.75,3.855,4.91,1.055,27.37
600192,sh600192,长城电工,4.99,4.16,4.575,5.82,1.245,27.21
688314,sh688314,康拓医疗,18.36,16.68,17.52,22.12,4.6,26.26
600234,sh600234,科新发展,2.12,2.66,2.39,3.0,0.61,25.52
603444,sh603444,吉比特,153.367,126.327,139.847,175.377,35.53,25.41
600666,sh600666,奥瑞德,1.35,1.29,1.32,1.65,0.33,25.0
600715,sh600715,文投控股,1.324,1.307,1.316,1.635,0.319,24.29
000820,sz000820,神雾节能,2.08,2.16,2.12,2.63,0.51,24.06
600172,sh600172,黄河旋风,1.95,1.96,1.955,2.42,0.465,23.79
600322,sh600322,津投城开,1.35,1.3,1.325,1.64,0.315,23.77
688717,sh688717,艾罗能源,48.255,68.005,58.13,71.785,13.655,23.49
603336,sh603336,宏辉果蔬,3.049,3.039,3.044,3.759,0.715,23.49
688235,sh688235,百济神州,119.39,122.15,120.77,148.71,27.94,23.13
688317,sh688317,之江生物,14.511,14.141,14.326,17.531,3.205,22.37
600151,sh600151,航天机电,4.61,4.75,4.68,5.7,1.02,21.79
601162,sh601162,天风证券,2.25,2.29,2.27,2.76,0.49,21.59
600280,sh600280,中央商场,2.3,2.35,2.325,2.82,0.495,21.29
603716,sh603716,塞力医疗,5.88,6.5,6.19,7.39,1.2,19.39
603615,sh603615,茶花股份,10.76,10.23,10.495,12.46,1.965,18.72
000739,sz000739,普洛药业,12.871,12.561,12.716,15.051,2.335,18.36
603508,sh603508,思维列控,15.077,14.957,15.017,17.747,2.73,18.18
600227,sh600227,赤天化,1.24,1.41,1.325,1.56,0.235,17.74
600881,sh600881,亚泰集团,0.86,0.98,0.92,1.08,0.16,17.39
603608,sh603608,天创时尚,2.39,2.28,2.335,2.74,0.405,17.34
601929,sh601929,吉视传媒,0.93,0.99,0.96,1.12,0.16,16.67
688428,sh688428,诺诚健华,8.38,8.82,8.6,10.02,1.42,16.51
688256,sh688256,寒武纪,136.074,160.101,148.088,172.148,24.06,16.25
688229,sh688229,博睿数据,27.0,26.0,26.5,30.8,4.3,16.23
600698,sh600698,湖南天雁,3.43,3.38,3.405,3.95,0.545,16.01
600892,sh600892,大晟文化,4.18,3.45,3.815,4.42,0.605,15.86
600664,sh600664,哈药股份,2.67,3.09,2.88,3.33,0.45,15.63
600721,sh600721,百花医药,6.08,6.02,6.05,6.98,0.93,15.37
600807,sh600807,济高发展,3.0,2.72,2.86,3.29,0.43,15.03
600211,sh600211,西藏药业,29.227,28.047,28.637,32.777,4.14,14.46
603389,sh603389,亚振家居,5.35,5.16,5.255,5.99,0.735,13.99
688360,sh688360,德马科技,8.483,7.297,7.89,8.99,1.1,13.94
600273,sh600273,嘉化能源,6.419,5.839,6.129,6.979,0.85,13.87
603130,sh603130,云中马,17.35,17.96,17.655,20.04,2.385,13.51
688399,sh688399,硕世生物,28.702,30.665,29.684,33.646,3.962,13.35
603303,sh603303,得邦照明,9.962,9.442,9.702,10.912,1.21,12.47
600821,sh600821,金开新能,4.915,4.675,4.795,5.375,0.58,12.1
600463,sh600463,空港股份,7.74,8.48,8.11,9.07,0.96,11.84
603186,sh603186,华正新材,24.2,20.01,22.105,24.69,2.585,11.69
000868,sz000868,安凯客车,4.0,5.17,4.585,5.12,0.535,11.67
600231,sh600231,凌钢股份,1.38,1.3,1.34,1.49,0.15,11.19
688302,sh688302,海创药业,24.66,24.08,24.37,27.09,2.72,11.16
688266,sh688266,泽璟制药,56.5,50.11,53.305,59.18,5.875,11.02
600375,sh600375,汉马科技,3.787,3.731,3.759,4.172,0.413,10.99
601011,sh601011,宝泰隆,1.65,1.54,1.595,1.77,0.175,10.97
688205,sh688205,德科立,22.131,19.223,20.677,22.931,2.254,10.9
600376,sh600376,首开股份,2.16,2.03,2.095,2.32,0.225,10.74
603121,sh603121,华培动力,6.84,6.62,6.73,7.45,0.72,10.7
603866,sh603866,桃李面包,4.75,4.86,4.805,5.3,0.495,10.3
600328,sh600328,中盐化工,6.792,7.212,7.002,7.722,0.72,10.28
600096,sh600096,云天化,16.879,15.779,16.329,17.989,1.66,10.17
600882,sh600882,妙可蓝多,12.74,12.85,12.795,14.09,1.295,10.12
600868,sh600868,梅雁吉祥,1.66,1.73,1.695,1.86,0.165,9.73
600661,sh600661,昂立教育,11.34,9.57,10.455,11.47,1.015,9.71
600020,sh600020,中原高速,3.29,3.39,3.34,3.66,0.32,9.58
600267,sh600267,海正药业,6.735,6.715,6.725,7.365,0.64,9.52
000892,sz000892,欢瑞世纪,2.59,2.49,2.54,2.77,0.23,9.06
600298,sh600298,安琪酵母,27.15,27.6,27.375,29.85,2.475,9.04
603755,sh603755,日辰股份,22.917,21.057,21.987,23.967,1.98,9.01
600018,sh600018,上港集团,5.41,5.59,5.5,5.98,0.48,8.73
600962,sh600962,国投中鲁,12.3,12.79,12.545,13.64,1.095,8.73
600684,sh600684,珠江股份,2.71,2.72,2.715,2.95,0.235,8.66
603887,sh603887,城地香江,5.56,5.45,5.505,5.98,0.475,8.63
601000,sh601000,唐山港,4.33,4.66,4.495,4.88,0.385,8.57
688185,sh688185,康希诺,42.42,38.57,40.495,43.94,3.445,8.51
600113,sh600113,浙江东日,7.48,7.59,7.535,8.17,0.635,8.43
600351,sh600351,亚宝药业,5.0,4.87,4.935,5.35,0.415,8.41
600386,sh600386,北巴传媒,2.8,3.61,3.205,3.47,0.265,8.27
688372,sh688372,伟测科技,30.573,30.135,30.354,32.865,2.511,8.27
688298,sh688298,东方生物,27.84,28.14,27.99,30.3,2.31,8.25
603261,sh603261,立航科技,29.67,29.4,29.535,31.95,2.415,8.18
600871,sh600871,石化油服,1.75,1.8,1.775,1.92,0.145,8.17
603316,sh603316,诚邦股份,3.7,3.57,3.635,3.93,0.295,8.12
601099,sh601099,太平洋,3.13,3.09,3.11,3.36,0.25,8.04
600638,sh600638,新黄浦,3.774,3.884,3.829,4.134,0.305,7.97
600959,sh600959,江苏有线,2.657,2.657,2.657,2.867,0.21,7.9
688323,sh688323,瑞华泰,10.36,9.35,9.855,10.62,0.765,7.76
600397,sh600397,江钨装备,1.83,1.79,1.81,1.95,0.14,7.73
600645,sh600645,中源协和,16.52,15.8,16.16,17.4,1.24,7.67
600830,sh600830,香溢融通,7.087,8.157,7.622,8.177,0.555,7.28
688351,sh688351,微电生理,22.889,20.639,21.764,23.339,1.575,7.24
688141,sh688141,杰华特,16.85,14.71,15.78,16.92,1.14,7.22
600626,sh600626,申达股份,2.46,2.99,2.725,2.92,0.195,7.16
603188,sh603188,亚邦股份,2.32,2.52,2.42,2.59,0.17,7.02
600716,sh600716,凤凰股份,2.67,2.6,2.635,2.82,0.185,7.02
688382,sh688382,益方生物,7.46,7.01,7.235,7.73,0.495,6.84
600075,sh600075,新疆天业,3.52,3.65,3.585,3.83,0.245,6.83
688192,sh688192,迪哲医药,38.66,36.27,37.465,40.0,2.535,6.77
600500,sh600500,中化国际,3.56,3.66,3.61,3.85,0.24,6.65
600185,sh600185,珠免集团,4.36,5.0,4.68,4.99,0.31,6.62
600768,sh600768,富邦新材,6.93,6.43,6.68,7.12,0.44,6.59
603193,sh603193,润本股份,17.83,15.01,16.42,17.49,1.07,6.52
601177,sh601177,杭齿前进,6.86,6.98,6.92,7.37,0.45,6.5
600455,sh600455,博通股份,14.95,14.14,14.545,15.49,0.945,6.5
600988,sh600988,赤峰黄金,16.03,18.55,17.29,18.4,1.11,6.42
601155,sh601155,新城控股,9.19,9.11,9.15,9.73,0.58,6.34
600460,sh600460,士兰微,17.83,20.94,19.385,20.6,1.215,6.27
600095,sh600095,湘财股份,6.17,6.18,6.175,6.56,0.385,6.23
600839,sh600839,四川长虹,4.4,4.13,4.265,4.53,0.265,6.21
600470,sh600470,六国化工,3.89,4.02,3.955,4.2,0.245,6.19
600281,sh600281,华阳新材,2.68,2.55,2.615,2.77,0.155,5.93
600653,sh600653,申华控股,1.23,1.32,1.275,1.35,0.075,5.88
600130,sh600130,波导股份,3.21,3.2,3.205,3.39,0.185,5.77
000876,sz000876,新 希 望,9.186,9.186,9.186,9.716,0.53,5.77
603117,sh603117,万林物流,4.4,4.31,4.355,4.6,0.245,5.63
603360,sh603360,百傲化学,8.036,7.464,7.75,8.186,0.436,5.63
000757,sz000757,浩物股份,2.64,2.89,2.765,2.92,0.155,5.61
600288,sh600288,大恒科技,6.678,6.468,6.573,6.938,0.365,5.55
601018,sh601018,宁波港,3.192,3.312,3.252,3.432,0.18,5.54
600688,sh600688,上海石化,2.62,2.65,2.635,2.78,0.145,5.5
601599,sh601599,浙文影业,2.92,2.72,2.82,2.97,0.15,5.32
688100,sh688100,威胜信息,37.897,34.517,36.207,38.107,1.9,5.25
603721,sh603721,中广天择,23.22,20.38,21.8,22.91,1.11,5.09
688387,sh688387,信科移动,5.15,5.0,5.075,5.33,0.255,5.02
600157,sh600157,永泰能源,1.195,1.005,1.1,1.155,0.055,5.0
600217,sh600217,中再资环,3.889,4.509,4.199,4.409,0.21,5.0
600152,sh600152,维科技术,4.88,4.95,4.915,5.16,0.245,4.98
688096,sh688096,京源环保,3.609,3.293,3.451,3.623,0.172,4.98
600969,sh600969,郴电国际,5.484,5.174,5.329,5.594,0.265,4.97
688179,sh688179,阿拉丁,7.902,7.485,7.694,8.068,0.374,4.87
603768,sh603768,常青股份,11.432,10.212,10.822,11.342,0.52,4.81
600226,sh600226,亨通股份,2.01,1.96,1.985,2.08,0.095,4.79
688321,sh688321,微芯生物,18.332,16.282,17.307,18.132,0.825,4.77
601798,sh601798,蓝科高新,5.05,5.13,5.09,5.33,0.24,4.72
600858,sh600858,银座股份,3.882,3.822,3.852,4.032,0.18,4.67
600202,sh600202,哈空调,3.6,3.55,3.575,3.74,0.165,4.62
600847,sh600847,万里股份,6.52,6.81,6.665,6.97,0.305,4.58
688136,sh688136,科兴制药,16.735,14.775,15.755,16.475,0.72,4.57
688165,sh688165,埃夫特,7.96,7.1,7.53,7.87,0.34,4.52
601686,sh601686,友发集团,4.507,4.677,4.592,4.797,0.205,4.46
600936,sh600936,北投科技,2.08,2.0,2.04,2.13,0.09,4.41
600189,sh600189,泉阳泉,6.74,7.17,6.955,7.26,0.305,4.39
600864,sh600864,哈投股份,4.729,4.849,4.789,4.999,0.21,4.39
688202,sh688202,美迪西,27.06,28.31,27.685,28.9,1.215,4.39
601015,sh601015,陕西黑猫,2.88,2.6,2.74,2.86,0.12,4.38
603880,sh603880,南卫股份,3.7,3.43,3.565,3.72,0.155,4.35
603258,sh603258,电魂网络,16.389,15.099,15.744,16.429,0.685,4.35
603609,sh603609,禾丰股份,6.545,6.855,6.7,6.985,0.285,4.25
600995,sh600995,南网储能,9.515,9.115,9.315,9.705,0.39,4.19
600996,sh600996,贵广网络,7.86,7.4,7.63,7.95,0.32,4.19
600791,sh600791,京能置业,3.3,3.23,3.265,3.4,0.135,4.13
603797,sh603797,联泰环保,3.081,3.221,3.151,3.281,0.13,4.13
600255,sh600255,鑫科材料,1.75,1.75,1.75,1.82,0.07,4.0
688238,sh688238,和元生物,4.79,4.21,4.5,4.68,0.18,4.0
000031,sz000031,大悦城,2.4,2.37,2.385,2.48,0.095,3.98
603267,sh603267,鸿远电子,33.58,37.98,35.78,37.2,1.42,3.97
600059,sh600059,古越龙山,7.91,7.79,7.85,8.16,0.31,3.95
600777,sh600777,新潮能源,1.85,1.77,1.81,1.88,0.07,3.87
601236,sh601236,红塔证券,6.19,6.46,6.325,6.57,0.245,3.87
603309,sh603309,维力医疗,10.53,9.72,10.125,10.51,0.385,3.8
600117,sh600117,西宁特钢,2.01,2.21,2.11,2.19,0.08,3.79
600333,sh600333,长春燃气,3.71,3.75,3.73,3.87,0.14,3.75
603123,sh603123,翠微股份,6.15,5.9,6.025,6.25,0.225,3.73
603877,sh603877,太平鸟,13.262,12.372,12.817,13.292,0.475,3.71
600232,sh600232,金鹰股份,4.18,4.19,4.185,4.34,0.155,3.7
600022,sh600022,山东钢铁,1.24,1.27,1.255,1.3,0.045,3.59
600448,sh600448,华纺股份,1.99,1.93,1.96,2.03,0.07,3.57
600828,sh600828,茂业商业,2.43,2.38,2.405,2.49,0.085,3.53
600800,sh600800,渤海化学,2.04,1.98,2.01,2.08,0.07,3.48
603895,sh603895,天永智能,18.21,16.5,17.355,17.95,0.595,3.43
600067,sh600067,冠城新材,1.535,1.685,1.61,1.665,0.055,3.42
600770,sh600770,综艺股份,2.37,2.33,2.35,2.43,0.08,3.4
600746,sh600746,XD江苏索,5.921,5.961,5.941,6.141,0.2,3.37
600030,sh600030,中信证券,16.905,17.185,17.045,17.605,0.56,3.29
600707,sh600707,彩虹股份,6.88,6.0,6.44,6.65,0.21,3.26
603697,sh603697,有友食品,5.03,4.68,4.855,5.01,0.155,3.19
603355,sh603355,莱克电气,20.49,19.25,19.87,20.5,0.63,3.17
603399,sh603399,永杉锂业,6.32,6.07,6.195,6.39,0.195,3.15
688306,sh688306,均普智能,4.122,3.852,3.987,4.112,0.125,3.14
688079,sh688079,美迪凯,7.69,6.66,7.175,7.4,0.225,3.14
600155,sh600155,华创云信,6.16,6.18,6.17,6.36,0.19,3.08
600055,sh600055,万东医疗,12.5,11.85,12.175,12.55,0.375,3.08
600173,sh600173,卧龙新能,3.83,3.74,3.785,3.9,0.115,3.04
603177,sh603177,德创环保,7.11,7.13,7.12,7.33,0.21,2.95
600865,sh600865,百大集团,6.48,6.38,6.43,6.62,0.19,2.95
688177,sh688177,百奥泰,22.07,19.21,20.64,21.24,0.6,2.91
688234,sh688234,天岳先进,48.05,50.22,49.135,50.56,1.425,2.9
600356,sh600356,恒丰纸业,5.68,5.73,5.705,5.87,0.165,2.89
600802,sh600802,福建水泥,2.85,2.75,2.8,2.88,0.08,2.86
603183,sh603183,建研院,3.23,3.09,3.16,3.25,0.09,2.85
600815,sh600815,厦工股份,1.98,1.91,1.945,2.0,0.055,2.83
600359,sh600359,新农开发,5.71,5.65,5.68,5.84,0.16,2.82
600221,sh600221,海航控股,1.08,1.06,1.07,1.1,0.03,2.8
600313,sh600313,农发种业,5.641,5.441,5.541,5.691,0.15,2.71
000761,sz000761,本钢板材,2.58,2.58,2.58,2.65,0.07,2.71
600981,sh600981,苏豪汇鸿,1.68,1.65,1.665,1.71,0.045,2.7
601127,sh601127,赛力斯,90.079,72.489,81.284,83.469,2.185,2.69
603222,sh603222,济民健康,5.65,5.61,5.63,5.78,0.15,2.66
688277,sh688277,天智航,8.09,7.01,7.55,7.75,0.2,2.65
600665,sh600665,天地源,2.29,2.25,2.27,2.33,0.06,2.64
600191,sh600191,华资实业,4.868,4.798,4.833,4.958,0.125,2.59
603778,sh603778,国晟科技,2.88,2.68,2.78,2.85,0.07,2.52
600743,sh600743,华远控股,1.21,1.17,1.19,1.22,0.03,2.52
601528,sh601528,瑞丰银行,4.36,4.44,4.4,4.51,0.11,2.5
601519,sh601519,大智慧,5.79,5.65,5.72,5.86,0.14,2.45
601005,sh601005,重庆钢铁,1.03,1.06,1.045,1.07,0.025,2.39
603106,sh603106,恒银科技,4.4,4.39,4.395,4.5,0.105,2.39
600303,sh600303,曙光股份,2.44,2.62,2.53,2.59,0.06,2.37
603919,sh603919,金徽酒,17.744,16.574,17.159,17.564,0.405,2.36
600354,sh600354,敦煌种业,4.85,4.63,4.74,4.85,0.11,2.32
600416,sh600416,湘电股份,10.21,10.06,10.135,10.37,0.235,2.32
603618,sh603618,杭电股份,4.39,4.31,4.35,4.45,0.1,2.3
600156,sh600156,华升股份,3.15,2.99,3.07,3.14,0.07,2.28
601377,sh601377,兴业证券,4.79,4.89,4.84,4.95,0.11,2.27
688357,sh688357,建龙微纳,23.27,18.94,21.105,21.58,0.475,2.25
600343,sh600343,航天动力,7.89,8.02,7.955,8.13,0.175,2.2
601163,sh601163,三角轮胎,13.83,12.85,13.34,13.63,0.29,2.17
603335,sh603335,迪生力,4.2,4.08,4.14,4.23,0.09,2.17
603885,sh603885,吉祥航空,10.923,10.403,10.663,10.893,0.23,2.16
600010,sh600010,包钢股份,1.428,1.428,1.428,1.458,0.03,2.1
601399,sh601399,国机重装,2.62,2.61,2.615,2.67,0.055,2.1
603009,sh603009,北特科技,18.046,15.096,16.571,16.906,0.335,2.02
600250,sh600250,南京商旅,8.37,8.0,8.185,8.35,0.165,2.02
688365,sh688365,光云科技,6.25,5.5,5.875,5.99,0.115,1.96
601106,sh601106,中国一重,2.33,2.38,2.355,2.4,0.045,1.91
000809,sz000809,和展能源,2.13,2.09,2.11,2.15,0.04,1.9
601069,sh601069,西部黄金,11.544,11.294,11.419,11.634,0.215,1.88
600300,sh600300,维维股份,2.218,2.118,2.168,2.208,0.04,1.85
600714,sh600714,金瑞矿业,7.16,6.96,7.06,7.19,0.13,1.84
600986,sh600986,浙文互联,4.23,3.98,4.105,4.18,0.075,1.83
600071,sh600071,凤凰光学,16.58,15.18,15.88,16.17,0.29,1.83
600758,sh600758,辽宁能源,2.848,2.688,2.768,2.818,0.05,1.81
600338,sh600338,西藏珠峰,9.385,8.835,9.11,9.275,0.165,1.81
600860,sh600860,京城股份,8.2,8.13,8.165,8.31,0.145,1.78
000042,sz000042,中洲控股,4.05,3.85,3.95,4.02,0.07,1.77
688176,sh688176,亚虹医药,5.28,4.9,5.09,5.18,0.09,1.77
603385,sh603385,惠达卫浴,5.49,5.28,5.385,5.48,0.095,1.76
600135,sh600135,乐凯胶片,4.98,4.85,4.915,5.0,0.085,1.73
600433,sh600433,冠豪高新,2.63,2.68,2.655,2.7,0.045,1.69
600149,sh600149,廊坊发展,3.29,3.22,3.255,3.31,0.055,1.69
603169,sh603169,兰石重装,4.58,4.41,4.495,4.57,0.075,1.67
601068,sh601068,中铝国际,4.27,4.11,4.19,4.26,0.07,1.67
600110,sh600110,诺德股份,3.14,3.06,3.1,3.15,0.05,1.61
600284,sh600284,浦东建设,4.973,5.133,5.053,5.133,0.08,1.58
688393,sh688393,安必平,15.71,14.07,14.89,15.12,0.23,1.54
603160,sh603160,汇顶科技,69.178,59.258,64.218,65.208,0.99,1.54
603616,sh603616,韩建河山,3.06,2.83,2.945,2.99,0.045,1.53
600855,sh600855,航天长峰,10.5,9.38,9.94,10.09,0.15,1.51
688326,sh688326,经纬恒润,59.22,63.02,61.12,62.02,0.9,1.47
000795,sz000795,英洛华,5.265,5.155,5.21,5.285,0.075,1.44
688221,sh688221,前沿生物,5.73,5.0,5.365,5.44,0.075,1.4
600391,sh600391,航发科技,15.41,15.5,15.455,15.66,0.205,1.33
600660,sh600660,福耀玻璃,44.1,40.22,42.16,42.72,0.56,1.33
000789,sz000789,万年青,4.345,4.215,4.28,4.335,0.055,1.29
600963,sh600963,岳阳林纸,3.74,3.29,3.515,3.56,0.045,1.28
688249,sh688249,晶合集成,14.903,14.673,14.788,14.973,0.185,1.25
601066,sh601066,中信建投,19.39,18.34,18.865,19.09,0.225,1.19
601003,sh601003,柳钢股份,2.47,2.59,2.53,2.56,0.03,1.19
688419,sh688419,耐科装备,21.273,18.33,19.801,20.027,0.226,1.14
688418,sh688418,震有科技,17.59,15.88,16.735,16.92,0.185,1.11
688203,sh688203,海正生材,8.52,7.86,8.19,8.28,0.09,1.1
601933,sh601933,永辉超市,2.55,2.18,2.365,2.39,0.025,1.06
601008,sh601008,连云港,3.36,3.45,3.405,3.44,0.035,1.03
688216,sh688216,气派科技,18.35,16.65,17.5,17.67,0.17,0.97
600198,sh600198,大唐电信,5.25,5.11,5.18,5.23,0.05,0.97
603813,sh603813,原尚股份,9.75,9.27,9.51,9.6,0.09,0.95
601579,sh601579,会稽山,9.708,9.098,9.403,9.488,0.085,0.9
600208,sh600208,衢州发展,1.76,1.63,1.695,1.71,0.015,0.88
600307,sh600307,酒钢宏兴,1.19,1.17,1.18,1.19,0.01,0.85
688078,sh688078,龙软科技,23.454,20.794,22.124,22.304,0.18,0.81
600121,sh600121,郑州煤电,3.28,3.05,3.165,3.19,0.025,0.79
600403,sh600403,大有能源,2.65,2.39,2.52,2.54,0.02,0.79
600081,sh600081,XD东风科,8.696,8.666,8.681,8.746,0.065,0.75
600877,sh600877,电科芯片,10.96,10.78,10.87,10.95,0.08,0.74
000803,sz000803,山高环能,3.55,3.28,3.415,3.44,0.025,0.73
600726,sh600726,华电能源,2.02,2.13,2.075,2.09,0.015,0.72
603221,sh603221,爱丽家居,8.73,8.63,8.68,8.74,0.06,0.69
600976,sh600976,健民集团,49.55,43.21,46.38,46.7,0.32,0.69
688106,sh688106,金宏气体,17.226,17.316,17.271,17.386,0.115,0.67
600346,sh600346,恒力石化,13.24,12.55,12.895,12.98,0.085,0.66
600228,sh600228,返利科技,5.02,4.53,4.775,4.8,0.025,0.52
600352,sh600352,浙江龙盛,7.62,7.67,7.645,7.68,0.035,0.46
688379,sh688379,华光新材,13.115,11.765,12.44,12.495,0.055,0.44
000002,sz000002,万 科Ａ,7.13,6.67,6.9,6.93,0.03,0.43
000815,sz000815,美利云,7.33,7.15,7.24,7.27,0.03,0.41
600867,sh600867,通化东宝,7.992,7.172,7.582,7.612,0.03,0.4
600683,sh600683,京投发展,3.81,3.66,3.735,3.75,0.015,0.4
600257,sh600257,大湖股份,4.66,4.21,4.435,4.45,0.015,0.34
600408,sh600408,安泰集团,1.61,1.56,1.585,1.59,0.005,0.32
600982,sh600982,宁波能源,3.29,3.25,3.27,3.28,0.01,0.31
688119,sh688119,中钢洛耐,3.36,3.22,3.29,3.3,0.01,0.3
600722,sh600722,金牛化工,3.86,3.72,3.79,3.8,0.01,0.26
600984,sh600984,建设机械,2.45,2.34,2.395,2.4,0.005,0.21
601619,sh601619,嘉泽新能,2.87,2.8,2.835,2.84,0.005,0.18
688609,sh688609,九联科技,9.0,8.05,8.525,8.54,0.015,0.18
601212,sh601212,白银有色,2.793,2.623,2.708,2.713,0.005,0.18
600651,sh600651,飞乐音响,2.81,2.92,2.865,2.87,0.005,0.17
600127,sh600127,金健米业,6.04,5.86,5.95,5.96,0.01,0.17
603166,sh603166,福达股份,4.59,4.32,4.455,4.46,0.005,0.11
603759,sh603759,海天股份,5.925,5.615,5.77,5.775,0.005,0.09
688207,sh688207,格灵深瞳,11.81,11.43,11.62,11.63,0.01,0.09
600756,sh600756,浪潮软件,10.3,10.43,10.365,10.37,0.005,0.05
