日期,品种,标的,多空,数量,可用数量,收盘价/结算价,市值/价值,盈亏/逐笔浮盈,开仓均价,持仓均价（期货）,保证金,当日盈亏,今手数,盈亏占比,仓位占比
2025-01-02,基金,纳指ETF(513100.XSHG),多,36600股,36600股,1.643,60133.8,183,1.638,-,0,183,36600股,0.31%,60177,99.93%
2025-01-02,,Cash,,,,,43.2,,,,,,,,0
2025-01-03,基金,纳指ETF(513100.XSHG),多,36600股,36600股,1.633,59767.8,-183,1.638,-,0,-366,0股,-0.31%,59811,99.93%
2025-01-03,,Cash,,,,,43.2,,,,,,,,0
2025-01-06,基金,南方原油(501018.XSHG),多,47800股,47800股,1.273,60849.4,0,1.273,-,0,0,47800股,-0%,60933.43,99.86%
2025-01-06,,Cash,,,,,84.03,,,,,,,,0
2025-01-07,基金,南方原油(501018.XSHG),多,47800股,47800股,1.27,60706,-143.4,1.273,-,0,-143.4,0股,-0.24%,60790.03,99.86%
2025-01-07,,Cash,,,,,84.03,,,,,,,,0
2025-01-08,基金,南方原油(501018.XSHG),多,47800股,47800股,1.291,61709.8,860.4,1.273,-,0,1003.8,0股,1.41%,61793.83,99.86%
2025-01-08,,Cash,,,,,84.03,,,,,,,,0
2025-01-09,基金,南方原油(501018.XSHG),多,47800股,47800股,1.274,60897.2,47.8,1.273,-,0,-812.6,0股,0.08%,60981.23,99.86%
2025-01-09,,Cash,,,,,84.03,,,,,,,,0
2025-01-10,基金,南方原油(501018.XSHG),多,47800股,47800股,1.291,61709.8,860.4,1.273,-,0,812.6,0股,1.41%,61793.83,99.86%
2025-01-10,,Cash,,,,,84.03,,,,,,,,0
2025-01-13,基金,南方原油(501018.XSHG),多,47800股,47800股,1.349,64482.2,3632.8,1.273,-,0,2772.4,0股,5.97%,64566.23,99.87%
2025-01-13,,Cash,,,,,84.03,,,,,,,,0
2025-01-14,基金,南方原油(501018.XSHG),多,47800股,47800股,1.334,63765.2,2915.8,1.273,-,0,-717,0股,4.79%,63849.23,99.87%
2025-01-14,,Cash,,,,,84.03,,,,,,,,0
2025-01-15,基金,南方原油(501018.XSHG),多,47800股,47800股,1.332,63669.6,2820.2,1.273,-,0,-95.6,0股,4.63%,63753.63,99.87%
2025-01-15,,Cash,,,,,84.03,,,,,,,,0
2025-01-16,基金,南方原油(501018.XSHG),多,47800股,47800股,1.356,64816.8,3967.4,1.273,-,0,1147.2,0股,6.52%,64900.83,99.87%
2025-01-16,,Cash,,,,,84.03,,,,,,,,0
2025-01-17,基金,南方原油(501018.XSHG),多,47800股,47800股,1.352,64625.6,3776.2,1.273,-,0,-191.2,0股,6.21%,64709.63,99.87%
2025-01-17,,Cash,,,,,84.03,,,,,,,,0
2025-01-20,基金,南方原油(501018.XSHG),多,47800股,47800股,1.334,63765.2,2915.8,1.273,-,0,-860.4,0股,4.79%,63849.23,99.87%
2025-01-20,,Cash,,,,,84.03,,,,,,,,0
2025-01-21,基金,南方原油(501018.XSHG),多,47800股,47800股,1.324,63287.2,2437.8,1.273,-,0,-478,0股,4.01%,63371.23,99.87%
2025-01-21,,Cash,,,,,84.03,,,,,,,,0
2025-01-22,基金,南方原油(501018.XSHG),多,47800股,47800股,1.31,62618,1768.6,1.273,-,0,-669.2,0股,2.91%,62702.03,99.87%
2025-01-22,,Cash,,,,,84.03,,,,,,,,0
2025-01-23,基金,南方原油(501018.XSHG),多,47800股,47800股,1.303,62283.4,1434,1.273,-,0,-334.6,0股,2.36%,62367.43,99.87%
2025-01-23,,Cash,,,,,84.03,,,,,,,,0
2025-01-24,基金,豆粕ETF华夏(159985.XSHE),多,32200股,32200股,1.924,61952.8,-32.2,1.925,-,0,-32.2,32200股,-0.05%,62131.62,99.71%
2025-01-24,,Cash,,,,,178.82,,,,,,,,0
2025-01-27,基金,豆粕ETF华夏(159985.XSHE),多,32200股,32200股,1.91,61502,-483,1.925,-,0,-450.8,0股,-0.78%,61680.82,99.71%
2025-01-27,,Cash,,,,,178.82,,,,,,,,0
2025-02-05,基金,豆粕ETF华夏(159985.XSHE),多,32200股,32200股,1.988,64013.6,2028.6,1.925,-,0,2511.6,0股,3.27%,64192.42,99.72%
2025-02-05,,Cash,,,,,178.82,,,,,,,,0
2025-02-06,基金,豆粕ETF华夏(159985.XSHE),多,32200股,32200股,1.969,63401.8,1416.8,1.925,-,0,-611.8,0股,2.29%,63580.62,99.72%
2025-02-06,,Cash,,,,,178.82,,,,,,,,0
2025-02-07,基金,豆粕ETF华夏(159985.XSHE),多,32200股,32200股,1.97,63434,1449,1.925,-,0,32.2,0股,2.34%,63612.82,99.72%
2025-02-07,,Cash,,,,,178.82,,,,,,,,0
2025-02-10,基金,豆粕ETF华夏(159985.XSHE),多,32200股,32200股,1.964,63240.8,1255.8,1.925,-,0,-193.2,0股,2.03%,63419.62,99.72%
2025-02-10,,Cash,,,,,178.82,,,,,,,,0
2025-02-11,基金,豆粕ETF华夏(159985.XSHE),多,32200股,32200股,1.965,63273,1288,1.925,-,0,32.2,0股,2.08%,63451.82,99.72%
2025-02-11,,Cash,,,,,178.82,,,,,,,,0
2025-02-12,基金,黄金ETF(518880.XSHG),多,9500股,9500股,6.538,62111,152,6.522,-,0,152,9500股,0.25%,62400.02,99.54%
2025-02-12,,Cash,,,,,289.02,,,,,,,,0
2025-02-13,基金,黄金ETF(518880.XSHG),多,9500股,9500股,6.57,62415,456,6.522,-,0,304,0股,0.74%,62704.02,99.54%
2025-02-13,,Cash,,,,,289.02,,,,,,,,0
2025-02-14,基金,黄金ETF(518880.XSHG),多,9500股,9500股,6.605,62747.5,788.5,6.522,-,0,332.5,0股,1.27%,63036.52,99.54%
2025-02-14,,Cash,,,,,289.02,,,,,,,,0
2025-02-17,基金,黄金ETF(518880.XSHG),多,9500股,9500股,6.494,61693,-266,6.522,-,0,-1054.5,0股,-0.43%,61982.02,99.53%
2025-02-17,,Cash,,,,,289.02,,,,,,,,0
2025-02-18,基金,黄金ETF(518880.XSHG),多,9500股,9500股,6.555,62272.5,313.5,6.522,-,0,579.5,0股,0.51%,62561.52,99.54%
2025-02-18,,Cash,,,,,289.02,,,,,,,,0
2025-02-19,基金,黄金ETF(518880.XSHG),多,9500股,9500股,6.598,62681,722,6.522,-,0,408.5,0股,1.17%,62970.02,99.54%
2025-02-19,,Cash,,,,,289.02,,,,,,,,0
2025-02-20,基金,黄金ETF(518880.XSHG),多,9500股,9500股,6.619,62880.5,921.5,6.522,-,0,199.5,0股,1.49%,63169.52,99.54%
2025-02-20,,Cash,,,,,289.02,,,,,,,,0
2025-02-21,基金,黄金ETF(518880.XSHG),多,9500股,9500股,6.568,62396,437,6.522,-,0,-484.5,0股,0.71%,62685.02,99.54%
2025-02-21,,Cash,,,,,289.02,,,,,,,,0
2025-02-24,基金,黄金ETF(518880.XSHG),多,9500股,9500股,6.581,62519.5,560.5,6.522,-,0,123.5,0股,0.9%,62808.52,99.54%
2025-02-24,,Cash,,,,,289.02,,,,,,,,0
2025-02-25,基金,双创龙头(588330.XSHG),多,102200股,0股,0.614,62750.8,-102.2,0.615,-,0,-102.2,102200股,-0.16%,62750.78,100%
2025-02-25,,Cash,,,,,-0.02,,,,,,,,0
2025-02-26,基金,双创龙头(588330.XSHG),多,102200股,102200股,0.624,63772.8,919.8,0.615,-,0,1022,0股,1.46%,63772.78,100%
2025-02-26,,Cash,,,,,-0.02,,,,,,,,0
2025-02-27,基金,双创龙头(588330.XSHG),多,102200股,102200股,0.62,63364,511,0.615,-,0,-408.8,0股,0.81%,63363.98,100%
2025-02-27,,Cash,,,,,-0.02,,,,,,,,0
2025-02-28,基金,双创龙头(588330.XSHG),多,102200股,102200股,0.593,60604.6,-2248.4,0.615,-,0,-2759.4,0股,-3.58%,60604.58,100%
2025-02-28,,Cash,,,,,-0.02,,,,,,,,0
2025-03-03,基金,黄金ETF(518880.XSHG),多,9400股,9400股,6.451,60639.4,84.6,6.442,-,0,84.6,9400股,0.14%,60983.63,99.44%
2025-03-03,,Cash,,,,,344.23,,,,,,,,0
2025-03-04,基金,豆粕ETF华夏(159985.XSHE),多,30400股,30400股,2.017,61316.8,-60.8,2.019,-,0,-60.8,30400股,-0.1%,61352.38,99.94%
2025-03-04,,Cash,,,,,35.58,,,,,,,,0
2025-03-05,基金,豆粕ETF华夏(159985.XSHE),多,30400股,30400股,1.955,59432,-1945.6,2.019,-,0,-1884.8,0股,-3.17%,59467.58,99.94%
2025-03-05,,Cash,,,,,35.58,,,,,,,,0
2025-03-06,基金,双创龙头(588330.XSHG),多,97700股,0股,0.611,59694.7,0,0.611,-,0,0,97700股,0%,59698.85,99.99%
2025-03-06,,Cash,,,,,4.15,,,,,,,,0
2025-03-07,基金,双创龙头(588330.XSHG),多,97700股,97700股,0.603,58913.1,-781.6,0.611,-,0,-781.6,0股,-1.31%,58917.25,99.99%
2025-03-07,,Cash,,,,,4.15,,,,,,,,0
2025-03-10,基金,双创龙头(588330.XSHG),多,97700股,97700股,0.603,58913.1,-781.6,0.611,-,0,0,0股,-1.31%,58917.25,99.99%
2025-03-10,,Cash,,,,,4.15,,,,,,,,0
2025-03-11,基金,双创龙头(588330.XSHG),多,97700股,97700股,0.601,58717.7,-977,0.611,-,0,-195.4,0股,-1.64%,58721.85,99.99%
2025-03-11,,Cash,,,,,4.15,,,,,,,,0
2025-03-12,基金,双创龙头(588330.XSHG),多,97700股,97700股,0.598,58424.6,-1270.1,0.611,-,0,-293.1,0股,-2.13%,58428.75,99.99%
2025-03-12,,Cash,,,,,4.15,,,,,,,,0
2025-03-13,基金,双创龙头(588330.XSHG),多,97700股,97700股,0.586,57252.2,-2442.5,0.611,-,0,-1172.4,0股,-4.09%,57256.35,99.99%
2025-03-13,,Cash,,,,,4.15,,,,,,,,0
2025-03-14,基金,双创龙头(588330.XSHG),多,97700股,97700股,0.597,58326.9,-1367.8,0.611,-,0,1074.7,0股,-2.29%,58331.05,99.99%
2025-03-14,,Cash,,,,,4.15,,,,,,,,0
2025-03-17,基金,国投白银LOF(161226.XSHE),多,59400股,0股,0.974,57855.6,178.2,0.971,-,0,178.2,59400股,0.31%,57911.5,99.9%
2025-03-17,,Cash,,,,,55.9,,,,,,,,0
2025-03-18,基金,国投白银LOF(161226.XSHE),多,59400股,59400股,0.977,58033.8,356.4,0.971,-,0,178.2,0股,0.62%,58089.7,99.9%
2025-03-18,,Cash,,,,,55.9,,,,,,,,0
2025-03-19,基金,国投白银LOF(161226.XSHE),多,59400股,59400股,0.98,58212,534.6,0.971,-,0,178.2,0股,0.93%,58267.9,99.9%
2025-03-19,,Cash,,,,,55.9,,,,,,,,0
2025-03-20,基金,国投白银LOF(161226.XSHE),多,59400股,59400股,0.975,57915,237.6,0.971,-,0,-297,0股,0.41%,57970.9,99.9%
2025-03-20,,Cash,,,,,55.9,,,,,,,,0
2025-03-21,基金,黄金ETF(518880.XSHG),多,8400股,8400股,6.774,56901.6,-8.4,6.775,-,0,-8.4,8400股,-0.01%,56941.32,99.93%
2025-03-21,,Cash,,,,,39.72,,,,,,,,0
2025-03-24,基金,黄金ETF(518880.XSHG),多,8400股,8400股,6.78,56952,42,6.775,-,0,50.4,0股,0.07%,56991.72,99.93%
2025-03-24,,Cash,,,,,39.72,,,,,,,,0
2025-03-25,基金,黄金ETF(518880.XSHG),多,8400股,8400股,6.774,56901.6,-8.4,6.775,-,0,-50.4,0股,-0.01%,56941.32,99.93%
2025-03-25,,Cash,,,,,39.72,,,,,,,,0
2025-03-26,基金,黄金ETF(518880.XSHG),多,8400股,8400股,6.795,57078,168,6.775,-,0,176.4,0股,0.3%,57117.72,99.93%
2025-03-26,,Cash,,,,,39.72,,,,,,,,0
2025-03-27,基金,黄金ETF(518880.XSHG),多,8400股,8400股,6.812,57220.8,310.8,6.775,-,0,142.8,0股,0.55%,57260.52,99.93%
2025-03-27,,Cash,,,,,39.72,,,,,,,,0
2025-03-28,基金,黄金ETF(518880.XSHG),多,8400股,8400股,6.938,58279.2,1369.2,6.775,-,0,1058.4,0股,2.41%,58318.92,99.93%
2025-03-28,,Cash,,,,,39.72,,,,,,,,0
2025-03-31,基金,黄金ETF(518880.XSHG),多,8400股,8400股,7.012,58900.8,1990.8,6.775,-,0,621.6,0股,3.5%,58940.52,99.93%
2025-03-31,,Cash,,,,,39.72,,,,,,,,0
2025-04-01,基金,黄金ETF(518880.XSHG),多,8400股,8400股,7.056,59270.4,2360.4,6.775,-,0,369.6,0股,4.15%,59310.12,99.93%
2025-04-01,,Cash,,,,,39.72,,,,,,,,0
2025-04-02,基金,黄金ETF(518880.XSHG),多,8400股,8400股,7.029,59043.6,2133.6,6.775,-,0,-226.8,0股,3.75%,59083.32,99.93%
2025-04-02,,Cash,,,,,39.72,,,,,,,,0
2025-04-03,基金,黄金ETF(518880.XSHG),多,8400股,8400股,7.094,59589.6,2679.6,6.775,-,0,546,0股,4.71%,59629.32,99.93%
2025-04-03,,Cash,,,,,39.72,,,,,,,,0
2025-04-07,基金,黄金ETF(518880.XSHG),多,8400股,8400股,6.877,57766.8,856.8,6.775,-,0,-1822.8,0股,1.51%,57806.52,99.93%
2025-04-07,,Cash,,,,,39.72,,,,,,,,0
2025-04-08,基金,银华日利(511880.XSHG),多,500股,500股,100.403,50201.5,0.5,100.402,-,0,0.5,500股,0%,57863.42,86.76%
2025-04-08,,Cash,,,,,7661.92,,,,,,,,0
2025-04-09,基金,银华日利(511880.XSHG),多,500股,500股,100.408,50204,3,100.402,-,0,2.5,0股,0.01%,57865.92,86.76%
2025-04-09,,Cash,,,,,7661.92,,,,,,,,0
2025-04-10,基金,豆粕ETF华夏(159985.XSHE),多,28900股,28900股,1.989,57482.1,-289,1.999,-,0,-289,28900股,-0.5%,57564.12,99.86%
2025-04-10,,Cash,,,,,82.02,,,,,,,,0
2025-04-11,基金,黄金ETF(518880.XSHG),多,7900股,7900股,7.273,57456.7,-47.4,7.279,-,0,-47.4,7900股,-0.08%,57736.4,99.52%
2025-04-11,,Cash,,,,,279.7,,,,,,,,0
2025-04-14,基金,黄金ETF(518880.XSHG),多,7900股,7900股,7.327,57883.3,379.2,7.279,-,0,426.6,0股,0.66%,58163,99.52%
2025-04-14,,Cash,,,,,279.7,,,,,,,,0
2025-04-15,基金,黄金ETF(518880.XSHG),多,7900股,7900股,7.325,57867.5,363.4,7.279,-,0,-15.8,0股,0.63%,58147.2,99.52%
2025-04-15,,Cash,,,,,279.7,,,,,,,,0
2025-04-16,基金,黄金ETF(518880.XSHG),多,7900股,7900股,7.503,59273.7,1769.6,7.279,-,0,1406.2,0股,3.08%,59553.4,99.53%
2025-04-16,,Cash,,,,,279.7,,,,,,,,0
2025-04-17,基金,黄金ETF(518880.XSHG),多,7900股,7900股,7.565,59763.5,2259.4,7.279,-,0,489.8,0股,3.93%,60043.2,99.53%
2025-04-17,,Cash,,,,,279.7,,,,,,,,0
2025-04-18,基金,黄金ETF(518880.XSHG),多,7900股,7900股,7.583,59905.7,2401.6,7.279,-,0,142.2,0股,4.18%,60185.4,99.54%
2025-04-18,,Cash,,,,,279.7,,,,,,,,0
2025-04-21,基金,黄金ETF(518880.XSHG),多,7900股,7900股,7.724,61019.6,3515.5,7.279,-,0,1113.9,0股,6.11%,61299.3,99.54%
2025-04-21,,Cash,,,,,279.7,,,,,,,,0
2025-04-22,基金,黄金ETF(518880.XSHG),多,7900股,7900股,7.982,63057.8,5553.7,7.279,-,0,2038.2,0股,9.66%,63337.5,99.56%
2025-04-22,,Cash,,,,,279.7,,,,,,,,0
2025-04-23,基金,黄金ETF(518880.XSHG),多,7900股,7900股,7.5,59250,1745.9,7.279,-,0,-3807.8,0股,3.04%,59529.7,99.53%
2025-04-23,,Cash,,,,,279.7,,,,,,,,0
2025-04-24,基金,豆粕ETF华夏(159985.XSHE),多,30200股,30200股,1.985,59947,-90.6,1.988,-,0,-90.6,30200股,-0.15%,60059.11,99.81%
2025-04-24,,Cash,,,,,112.11,,,,,,,,0
2025-04-25,基金,豆粕ETF华夏(159985.XSHE),多,30200股,30200股,1.965,59343,-694.6,1.988,-,0,-604,0股,-1.16%,59455.11,99.81%
2025-04-25,,Cash,,,,,112.11,,,,,,,,0
2025-04-28,基金,豆粕ETF华夏(159985.XSHE),多,30200股,30200股,1.936,58467.2,-1570.4,1.988,-,0,-875.8,0股,-2.62%,58579.31,99.81%
2025-04-28,,Cash,,,,,112.11,,,,,,,,0
2025-04-29,基金,黄金ETF(518880.XSHG),多,7700股,7700股,7.517,57880.9,84.7,7.506,-,0,84.7,7700股,0.15%,58501.4,98.94%
2025-04-29,,Cash,,,,,620.5,,,,,,,,0
2025-04-30,基金,黄金ETF(518880.XSHG),多,7700股,7700股,7.471,57526.7,-269.5,7.506,-,0,-354.2,0股,-0.47%,58147.2,98.93%
2025-04-30,,Cash,,,,,620.5,,,,,,,,0
2025-05-06,基金,黄金ETF(518880.XSHG),多,7700股,7700股,7.612,58612.4,816.2,7.506,-,0,1085.7,0股,1.41%,59232.9,98.95%
2025-05-06,,Cash,,,,,620.5,,,,,,,,0
2025-05-07,基金,黄金ETF(518880.XSHG),多,7700股,7700股,7.671,59066.7,1270.5,7.506,-,0,454.3,0股,2.2%,59687.2,98.96%
2025-05-07,,Cash,,,,,620.5,,,,,,,,0
2025-05-08,基金,黄金ETF(518880.XSHG),多,7700股,7700股,7.557,58188.9,392.7,7.506,-,0,-877.8,0股,0.68%,58809.4,98.94%
2025-05-08,,Cash,,,,,620.5,,,,,,,,0
2025-05-09,基金,黄金ETF(518880.XSHG),多,7700股,7700股,7.531,57988.7,192.5,7.506,-,0,-200.2,0股,0.33%,58609.2,98.94%
2025-05-09,,Cash,,,,,620.5,,,,,,,,0
2025-05-12,基金,纳指ETF(513100.XSHG),多,37900股,37900股,1.516,57456.4,37.9,1.515,-,0,37.9,37900股,0.07%,57488.37,99.94%
2025-05-12,,Cash,,,,,31.97,,,,,,,,0
2025-05-13,基金,纳指ETF(513100.XSHG),多,37900股,37900股,1.522,57683.8,265.3,1.515,-,0,227.4,0股,0.46%,57715.77,99.94%
2025-05-13,,Cash,,,,,31.97,,,,,,,,0
2025-05-14,基金,纳指ETF(513100.XSHG),多,37900股,37900股,1.566,59351.4,1932.9,1.515,-,0,1667.6,0股,3.37%,59383.37,99.95%
2025-05-14,,Cash,,,,,31.97,,,,,,,,0
2025-05-15,基金,纳指ETF(513100.XSHG),多,37900股,37900股,1.559,59086.1,1667.6,1.515,-,0,-265.3,0股,2.9%,59118.07,99.95%
2025-05-15,,Cash,,,,,31.97,,,,,,,,0
2025-05-16,基金,纳指ETF(513100.XSHG),多,37900股,37900股,1.561,59161.9,1743.4,1.515,-,0,75.8,0股,3.04%,59193.87,99.95%
2025-05-16,,Cash,,,,,31.97,,,,,,,,0
2025-05-19,基金,纳指ETF(513100.XSHG),多,37900股,37900股,1.547,58631.3,1212.8,1.515,-,0,-530.6,0股,2.11%,58663.27,99.95%
2025-05-19,,Cash,,,,,31.97,,,,,,,,0
2025-05-20,基金,纳指ETF(513100.XSHG),多,37900股,37900股,1.564,59275.6,1857.1,1.515,-,0,644.3,0股,3.23%,59307.57,99.95%
2025-05-20,,Cash,,,,,31.97,,,,,,,,0
2025-05-21,基金,纳指ETF(513100.XSHG),多,37900股,37900股,1.549,58707.1,1288.6,1.515,-,0,-568.5,0股,2.24%,58739.07,99.95%
2025-05-21,,Cash,,,,,31.97,,,,,,,,0
2025-05-22,基金,纳指ETF(513100.XSHG),多,37900股,37900股,1.539,58328.1,909.6,1.515,-,0,-379,0股,1.58%,58360.07,99.95%
2025-05-22,,Cash,,,,,31.97,,,,,,,,0
2025-05-23,基金,纳指ETF(513100.XSHG),多,37900股,37900股,1.534,58138.6,720.1,1.515,-,0,-189.5,0股,1.25%,58170.57,99.95%
2025-05-23,,Cash,,,,,31.97,,,,,,,,0
2025-05-26,基金,纳指ETF(513100.XSHG),多,37900股,37900股,1.543,58479.7,1061.2,1.515,-,0,341.1,0股,1.85%,58511.67,99.95%
2025-05-26,,Cash,,,,,31.97,,,,,,,,0
2025-05-27,基金,纳指ETF(513100.XSHG),多,37900股,37900股,1.55,58745,1326.5,1.515,-,0,265.3,0股,2.31%,58776.97,99.95%
2025-05-27,,Cash,,,,,31.97,,,,,,,,0
2025-05-28,基金,纳指ETF(513100.XSHG),多,37900股,37900股,1.568,59427.2,2008.7,1.515,-,0,682.2,0股,3.5%,59459.17,99.95%
2025-05-28,,Cash,,,,,31.97,,,,,,,,0
2025-05-29,基金,纳指ETF(513100.XSHG),多,37900股,37900股,1.589,60223.1,2804.6,1.515,-,0,795.9,0股,4.88%,60255.07,99.95%
2025-05-29,,Cash,,,,,31.97,,,,,,,,0
2025-05-30,基金,纳指ETF(513100.XSHG),多,37900股,37900股,1.556,58972.4,1553.9,1.515,-,0,-1250.7,0股,2.71%,59004.37,99.95%
2025-05-30,,Cash,,,,,31.97,,,,,,,,0
2025-06-03,基金,纳指ETF(513100.XSHG),多,37900股,37900股,1.562,59199.8,1781.3,1.515,-,0,227.4,0股,3.1%,59231.77,99.95%
2025-06-03,,Cash,,,,,31.97,,,,,,,,0
2025-06-04,基金,纳指ETF(513100.XSHG),多,37900股,37900股,1.575,59692.5,2274,1.515,-,0,492.7,0股,3.96%,59724.47,99.95%
2025-06-04,,Cash,,,,,31.97,,,,,,,,0
2025-06-05,基金,纳指ETF(513100.XSHG),多,37900股,37900股,1.571,59540.9,2122.4,1.515,-,0,-151.6,0股,3.7%,59572.87,99.95%
2025-06-05,,Cash,,,,,31.97,,,,,,,,0
2025-06-06,基金,纳指ETF(513100.XSHG),多,37900股,37900股,1.567,59389.3,1970.8,1.515,-,0,-151.6,0股,3.43%,59421.27,99.95%
2025-06-06,,Cash,,,,,31.97,,,,,,,,0
2025-06-09,基金,纳指ETF(513100.XSHG),多,37900股,37900股,1.571,59540.9,2122.4,1.515,-,0,151.6,0股,3.7%,59572.87,99.95%
2025-06-09,,Cash,,,,,31.97,,,,,,,,0
2025-06-10,基金,国投白银LOF(161226.XSHE),多,57000股,0股,1.06,60420,741,1.047,-,0,741,57000股,1.24%,60415.64,100%
2025-06-10,,Cash,,,,,-4.36,,,,,,,,0
2025-06-11,基金,国投白银LOF(161226.XSHE),多,57000股,57000股,1.044,59508,-171,1.047,-,0,-912,0股,-0.29%,59503.64,100%
2025-06-11,,Cash,,,,,-4.36,,,,,,,,0
2025-06-12,基金,国投白银LOF(161226.XSHE),多,57000股,57000股,1.032,58824,-855,1.047,-,0,-684,0股,-1.43%,58819.64,100%
2025-06-12,,Cash,,,,,-4.36,,,,,,,,0
2025-06-13,基金,国投白银LOF(161226.XSHE),多,57000股,57000股,1.024,58368,-1311,1.047,-,0,-456,0股,-2.2%,58363.64,100%
2025-06-13,,Cash,,,,,-4.36,,,,,,,,0
2025-06-16,基金,国投白银LOF(161226.XSHE),多,57000股,57000股,1.027,58539,-1140,1.047,-,0,171,0股,-1.91%,58534.64,100%
2025-06-16,,Cash,,,,,-4.36,,,,,,,,0
2025-06-17,基金,国投白银LOF(161226.XSHE),多,57000股,57000股,1.029,58653,-1026,1.047,-,0,114,0股,-1.72%,58648.64,100%
2025-06-17,,Cash,,,,,-4.36,,,,,,,,0
2025-06-18,基金,国投白银LOF(161226.XSHE),多,57000股,57000股,1.048,59736,57,1.047,-,0,1083,0股,0.1%,59731.64,100%
2025-06-18,,Cash,,,,,-4.36,,,,,,,,0
2025-06-19,基金,南方原油(501018.XSHG),多,41500股,41500股,1.441,59801.5,1203.5,1.412,-,0,1203.5,41500股,2.05%,59897.41,99.84%
2025-06-19,,Cash,,,,,95.91,,,,,,,,0
2025-06-20,基金,南方原油(501018.XSHG),多,41500股,41500股,1.34,55610,-2988,1.412,-,0,-4191.5,0股,-5.1%,55705.91,99.83%
2025-06-20,,Cash,,,,,95.91,,,,,,,,0
2025-06-23,基金,国投白银LOF(161226.XSHE),多,57800股,0股,1.015,58667,57.8,1.014,-,0,57.8,57800股,0.1%,58698.49,99.95%
2025-06-23,,Cash,,,,,31.49,,,,,,,,0
2025-06-24,基金,国投白银LOF(161226.XSHE),多,57800股,57800股,1.014,58609.2,0,1.014,-,0,-57.8,0股,0%,58640.69,99.95%
2025-06-24,,Cash,,,,,31.49,,,,,,,,0
2025-06-25,基金,国投白银LOF(161226.XSHE),多,57800股,57800股,1.01,58378,-231.2,1.014,-,0,-231.2,0股,-0.39%,58409.49,99.95%
2025-06-25,,Cash,,,,,31.49,,,,,,,,0
2025-06-26,基金,国投白银LOF(161226.XSHE),多,57800股,57800股,1.018,58840.4,231.2,1.014,-,0,462.4,0股,0.39%,58871.89,99.95%
2025-06-26,,Cash,,,,,31.49,,,,,,,,0
2025-06-27,基金,创业板成长ETF华夏(159967.XSHE),多,131900股,0股,0.446,58827.4,0,0.446,-,0,0,131900股,0%,58860.12,99.94%
2025-06-27,,Cash,,,,,32.72,,,,,,,,0
2025-06-30,基金,创业板成长ETF华夏(159967.XSHE),多,131900股,131900股,0.451,59486.9,659.5,0.446,-,0,659.5,0股,1.12%,59519.62,99.95%
2025-06-30,,Cash,,,,,32.72,,,,,,,,0
2025-07-01,基金,创业板成长ETF华夏(159967.XSHE),多,131900股,131900股,0.451,59486.9,659.5,0.446,-,0,0,0股,1.12%,59519.62,99.95%
2025-07-01,,Cash,,,,,32.72,,,,,,,,0
2025-07-02,基金,创业板成长ETF华夏(159967.XSHE),多,131900股,131900股,0.445,58695.5,-131.9,0.446,-,0,-791.4,0股,-0.22%,58728.22,99.94%
2025-07-02,,Cash,,,,,32.72,,,,,,,,0
2025-07-03,基金,创业板成长ETF华夏(159967.XSHE),多,131900股,131900股,0.451,59486.9,659.5,0.446,-,0,791.4,0股,1.12%,59519.62,99.95%
2025-07-03,,Cash,,,,,32.72,,,,,,,,0
2025-07-04,基金,创业板成长ETF华夏(159967.XSHE),多,131900股,131900股,0.45,59355,527.6,0.446,-,0,-131.9,0股,0.9%,59387.72,99.94%
2025-07-04,,Cash,,,,,32.72,,,,,,,,0
2025-07-07,基金,创业板成长ETF华夏(159967.XSHE),多,131900股,131900股,0.447,58959.3,131.9,0.446,-,0,-395.7,0股,0.22%,58992.02,99.94%
2025-07-07,,Cash,,,,,32.72,,,,,,,,0
2025-07-08,基金,创业板成长ETF华夏(159967.XSHE),多,131900股,131900股,0.457,60278.3,1450.9,0.446,-,0,1319,0股,2.47%,60311.02,99.95%
2025-07-08,,Cash,,,,,32.72,,,,,,,,0
2025-07-09,基金,创业板成长ETF华夏(159967.XSHE),多,131900股,131900股,0.455,60014.5,1187.1,0.446,-,0,-263.8,0股,2.02%,60047.22,99.95%
2025-07-09,,Cash,,,,,32.72,,,,,,,,0
2025-07-10,基金,创业板成长ETF华夏(159967.XSHE),多,131900股,131900股,0.455,60014.5,1187.1,0.446,-,0,0,0股,2.02%,60047.22,99.95%
2025-07-10,,Cash,,,,,32.72,,,,,,,,0
2025-07-11,基金,创业板成长ETF华夏(159967.XSHE),多,131900股,131900股,0.463,61069.7,2242.3,0.446,-,0,1055.2,0股,3.81%,61102.42,99.95%
2025-07-11,,Cash,,,,,32.72,,,,,,,,0
2025-07-14,基金,创业板成长ETF华夏(159967.XSHE),多,131900股,131900股,0.46,60674,1846.6,0.446,-,0,-395.7,0股,3.14%,60706.72,99.95%
2025-07-14,,Cash,,,,,32.72,,,,,,,,0
2025-07-15,基金,创业板成长ETF华夏(159967.XSHE),多,131900股,131900股,0.464,61201.6,2374.2,0.446,-,0,527.6,0股,4.04%,61234.32,99.95%
2025-07-15,,Cash,,,,,32.72,,,,,,,,0
2025-07-16,基金,创业板成长ETF华夏(159967.XSHE),多,131900股,131900股,0.462,60937.8,2110.4,0.446,-,0,-263.8,0股,3.59%,60970.52,99.95%
2025-07-16,,Cash,,,,,32.72,,,,,,,,0
2025-07-17,基金,创业板成长ETF华夏(159967.XSHE),多,131900股,131900股,0.47,61993,3165.6,0.446,-,0,1055.2,0股,5.38%,62025.72,99.95%
2025-07-17,,Cash,,,,,32.72,,,,,,,,0
2025-07-18,基金,创业板成长ETF华夏(159967.XSHE),多,131900股,131900股,0.469,61861.1,3033.7,0.446,-,0,-131.9,0股,5.16%,61893.82,99.95%
2025-07-18,,Cash,,,,,32.72,,,,,,,,0
2025-07-21,基金,创业板成长ETF华夏(159967.XSHE),多,131900股,131900股,0.471,62124.9,3297.5,0.446,-,0,263.8,0股,5.61%,62157.62,99.95%
2025-07-21,,Cash,,,,,32.72,,,,,,,,0
2025-07-22,基金,双创龙头(588330.XSHG),多,103000股,0股,0.606,62418,309,0.603,-,0,309,103000股,0.5%,62454.2,99.94%
2025-07-22,,Cash,,,,,36.2,,,,,,,,0
2025-07-23,基金,双创龙头(588330.XSHG),多,103000股,103000股,0.607,62521,412,0.603,-,0,103,0股,0.66%,62557.2,99.94%
2025-07-23,,Cash,,,,,36.2,,,,,,,,0
2025-07-24,基金,双创龙头(588330.XSHG),多,103000股,103000股,0.615,63345,1236,0.603,-,0,824,0股,1.99%,63381.2,99.94%
2025-07-24,,Cash,,,,,36.2,,,,,,,,0
2025-07-25,基金,双创龙头(588330.XSHG),多,103000股,103000股,0.619,63757,1648,0.603,-,0,412,0股,2.65%,63793.2,99.94%
2025-07-25,,Cash,,,,,36.2,,,,,,,,0
2025-07-28,基金,双创龙头(588330.XSHG),多,103000股,103000股,0.624,64272,2163,0.603,-,0,515,0股,3.48%,64308.2,99.94%
2025-07-28,,Cash,,,,,36.2,,,,,,,,0
2025-07-29,基金,双创龙头(588330.XSHG),多,103000股,103000股,0.64,65920,3811,0.603,-,0,1648,0股,6.14%,65956.2,99.95%
2025-07-29,,Cash,,,,,36.2,,,,,,,,0
2025-07-30,基金,双创龙头(588330.XSHG),多,103000股,103000股,0.63,64890,2781,0.603,-,0,-1030,0股,4.48%,64926.2,99.94%
2025-07-30,,Cash,,,,,36.2,,,,,,,,0
2025-07-31,基金,双创龙头(588330.XSHG),多,103000股,103000股,0.622,64066,1957,0.603,-,0,-824,0股,3.15%,64102.2,99.94%
2025-07-31,,Cash,,,,,36.2,,,,,,,,0
2025-08-01,基金,双创龙头(588330.XSHG),多,103000股,103000股,0.617,63551,1442,0.603,-,0,-515,0股,2.32%,63587.2,99.94%
2025-08-01,,Cash,,,,,36.2,,,,,,,,0
2025-08-04,基金,双创龙头(588330.XSHG),多,103000股,103000股,0.621,63963,1854,0.603,-,0,412,0股,2.99%,63999.2,99.94%
2025-08-04,,Cash,,,,,36.2,,,,,,,,0
2025-08-05,基金,双创龙头(588330.XSHG),多,103000股,103000股,0.623,64169,2060,0.603,-,0,206,0股,3.32%,64205.2,99.94%
2025-08-05,,Cash,,,,,36.2,,,,,,,,0
2025-08-06,基金,双创龙头(588330.XSHG),多,103000股,103000股,0.627,64581,2472,0.603,-,0,412,0股,3.98%,64617.2,99.94%
2025-08-06,,Cash,,,,,36.2,,,,,,,,0
2025-08-07,基金,双创龙头(588330.XSHG),多,103000股,103000股,0.624,64272,2163,0.603,-,0,-309,0股,3.48%,64308.2,99.94%
2025-08-07,,Cash,,,,,36.2,,,,,,,,0
2025-08-08,基金,双创龙头(588330.XSHG),多,103000股,103000股,0.62,63860,1751,0.603,-,0,-412,0股,2.82%,63896.2,99.94%
2025-08-08,,Cash,,,,,36.2,,,,,,,,0
2025-08-11,基金,双创龙头(588330.XSHG),多,103000股,103000股,0.629,64787,2678,0.603,-,0,927,0股,4.31%,64823.2,99.94%
2025-08-11,,Cash,,,,,36.2,,,,,,,,0
2025-08-12,基金,双创龙头(588330.XSHG),多,103000股,103000股,0.644,66332,4223,0.603,-,0,1545,0股,6.8%,66368.2,99.95%
2025-08-12,,Cash,,,,,36.2,,,,,,,,0
2025-08-13,基金,双创龙头(588330.XSHG),多,103000股,103000股,0.663,68289,6180,0.603,-,0,1957,0股,9.95%,68325.2,99.95%
2025-08-13,,Cash,,,,,36.2,,,,,,,,0
2025-08-14,基金,双创龙头(588330.XSHG),多,103000股,103000股,0.664,68392,6283,0.603,-,0,103,0股,10.12%,68428.2,99.95%
2025-08-14,,Cash,,,,,36.2,,,,,,,,0
2025-08-15,基金,双创龙头(588330.XSHG),多,103000股,103000股,0.674,69422,7313,0.603,-,0,1030,0股,11.77%,69458.2,99.95%
2025-08-15,,Cash,,,,,36.2,,,,,,,,0
2025-08-18,基金,双创龙头(588330.XSHG),多,103000股,103000股,0.692,71276,9167,0.603,-,0,1854,0股,14.76%,71312.2,99.95%
2025-08-18,,Cash,,,,,36.2,,,,,,,,0
2025-08-19,基金,双创龙头(588330.XSHG),多,103000股,103000股,0.69,71070,8961,0.603,-,0,-206,0股,14.43%,71106.2,99.95%
2025-08-19,,Cash,,,,,36.2,,,,,,,,0
2025-08-20,基金,双创龙头(588330.XSHG),多,103000股,103000股,0.699,71997,9888,0.603,-,0,927,0股,15.92%,72033.2,99.95%
2025-08-20,,Cash,,,,,36.2,,,,,,,,0
2025-08-21,基金,双创龙头(588330.XSHG),多,103000股,103000股,0.7,72100,9991,0.603,-,0,103,0股,16.09%,72136.2,99.95%
2025-08-21,,Cash,,,,,36.2,,,,,,,,0
2025-08-22,基金,双创龙头(588330.XSHG),多,103000股,103000股,0.749,77147,15038,0.603,-,0,5047,0股,24.21%,77183.2,99.95%
2025-08-22,,Cash,,,,,36.2,,,,,,,,0
2025-08-25,基金,双创龙头(588330.XSHG),多,103000股,103000股,0.781,80443,18334,0.603,-,0,3296,0股,29.52%,80479.2,99.96%
2025-08-25,,Cash,,,,,36.2,,,,,,,,0
2025-08-26,基金,双创龙头(588330.XSHG),多,103000股,103000股,0.769,79207,17098,0.603,-,0,-1236,0股,27.53%,79243.2,99.95%
2025-08-26,,Cash,,,,,36.2,,,,,,,,0
2025-08-27,基金,双创龙头(588330.XSHG),多,103000股,103000股,0.775,79825,17716,0.603,-,0,618,0股,28.52%,79861.2,99.95%
2025-08-27,,Cash,,,,,36.2,,,,,,,,0
2025-08-28,基金,双创龙头(588330.XSHG),多,103000股,103000股,0.826,85078,22969,0.603,-,0,5253,0股,36.98%,85114.2,99.96%
2025-08-28,,Cash,,,,,36.2,,,,,,,,0
2025-08-29,基金,双创龙头(588330.XSHG),多,103000股,103000股,0.833,85799,23690,0.603,-,0,721,0股,38.14%,85835.2,99.96%
2025-08-29,,Cash,,,,,36.2,,,,,,,,0
2025-09-01,基金,双创龙头(588330.XSHG),多,103000股,103000股,0.858,88374,26265,0.603,-,0,2575,0股,42.29%,88410.2,99.96%
2025-09-01,,Cash,,,,,36.2,,,,,,,,0
2025-09-02,基金,双创龙头(588330.XSHG),多,103000股,103000股,0.83,85490,23381,0.603,-,0,-2884,0股,37.65%,85526.2,99.96%
2025-09-02,,Cash,,,,,36.2,,,,,,,,0
2025-09-03,基金,科创富国(588940.XSHG),多,64500股,0股,1.329,85720.5,0,1.329,-,0,0,64500股,0%,85715.06,100%
2025-09-03,,Cash,,,,,-5.44,,,,,,,,0
2025-09-04,基金,科创富国(588940.XSHG),多,64500股,0股,1.254,80883,-129,1.256,-,0,-129,64500股,-0.16%,80990.34,99.87%
2025-09-04,,Cash,,,,,107.34,,,,,,,,0
2025-09-05,基金,国投白银LOF(161226.XSHE),多,73500股,0股,1.127,82834.5,-73.5,1.128,-,0,-73.5,73500股,-0.09%,82899.76,99.92%
2025-09-05,,Cash,,,,,65.26,,,,,,,,0
2025-09-08,基金,国投白银LOF(161226.XSHE),多,73500股,73500股,1.128,82908,0,1.128,-,0,73.5,0股,0%,82973.26,99.92%
2025-09-08,,Cash,,,,,65.26,,,,,,,,0
2025-09-09,基金,国投白银LOF(161226.XSHE),多,73500股,73500股,1.137,83569.5,661.5,1.128,-,0,661.5,0股,0.8%,83634.76,99.92%
2025-09-09,,Cash,,,,,65.26,,,,,,,,0
2025-09-10,基金,双创龙头(588330.XSHG),多,100600股,0股,0.82,82492,-503,0.825,-,0,-503,100600股,-0.61%,82527.17,99.96%
2025-09-10,,Cash,,,,,35.17,,,,,,,,0
2025-09-11,基金,双创龙头(588330.XSHG),多,100600股,100600股,0.875,88025,5030,0.825,-,0,5533,0股,6.06%,88060.17,99.96%
2025-09-11,,Cash,,,,,35.17,,,,,,,,0
2025-09-12,基金,双创龙头(588330.XSHG),多,100600股,100600股,0.87,87522,4527,0.825,-,0,-503,0股,5.45%,87557.17,99.96%
2025-09-12,,Cash,,,,,35.17,,,,,,,,0
2025-09-15,基金,双创龙头(588330.XSHG),多,100600股,100600股,0.871,87622.6,4627.6,0.825,-,0,100.6,0股,5.58%,87657.77,99.96%
2025-09-15,,Cash,,,,,35.17,,,,,,,,0
2025-09-16,基金,双创龙头(588330.XSHG),多,100600股,100600股,0.878,88326.8,5331.8,0.825,-,0,704.2,0股,6.42%,88361.97,99.96%
2025-09-16,,Cash,,,,,35.17,,,,,,,,0
2025-09-17,基金,双创龙头(588330.XSHG),多,100600股,100600股,0.89,89534,6539,0.825,-,0,1207.2,0股,7.88%,89569.17,99.96%
2025-09-17,,Cash,,,,,35.17,,,,,,,,0
2025-09-18,基金,双创龙头(588330.XSHG),多,100600股,100600股,0.894,89936.4,6941.4,0.825,-,0,402.4,0股,8.36%,89971.57,99.96%
2025-09-18,,Cash,,,,,35.17,,,,,,,,0
2025-09-19,基金,双创龙头(588330.XSHG),多,100600股,100600股,0.884,88930.4,5935.4,0.825,-,0,-1006,0股,7.15%,88965.57,99.96%
2025-09-19,,Cash,,,,,35.17,,,,,,,,0
2025-09-22,基金,双创龙头(588330.XSHG),多,100600股,100600股,0.895,90037,7042,0.825,-,0,1106.6,0股,8.48%,90072.17,99.96%
2025-09-22,,Cash,,,,,35.17,,,,,,,,0
2025-09-23,基金,双创龙头(588330.XSHG),多,100600股,100600股,0.905,91043,8048,0.825,-,0,1006,0股,9.7%,91078.17,99.96%
2025-09-23,,Cash,,,,,35.17,,,,,,,,0
2025-09-24,基金,双创龙头(588330.XSHG),多,100600股,100600股,0.924,92954.4,9959.4,0.825,-,0,1911.4,0股,12%,92989.57,99.96%
2025-09-24,,Cash,,,,,35.17,,,,,,,,0
2025-09-25,基金,双创龙头(588330.XSHG),多,100600股,100600股,0.943,94865.8,11870.8,0.825,-,0,1911.4,0股,14.3%,94900.97,99.96%
2025-09-25,,Cash,,,,,35.17,,,,,,,,0
2025-09-26,基金,双创龙头(588330.XSHG),多,100600股,100600股,0.92,92552,9557,0.825,-,0,-2313.8,0股,11.52%,92587.17,99.96%
2025-09-26,,Cash,,,,,35.17,,,,,,,,0
2025-09-29,基金,双创龙头(588330.XSHG),多,100600股,100600股,0.939,94463.4,11468.4,0.825,-,0,1911.4,0股,13.82%,94498.57,99.96%
2025-09-29,,Cash,,,,,35.17,,,,,,,,0
2025-09-30,基金,双创龙头(588330.XSHG),多,100600股,100600股,0.941,94664.6,11669.6,0.825,-,0,201.2,0股,14.06%,94699.77,99.96%
2025-09-30,,Cash,,,,,35.17,,,,,,,,0
2025-10-09,基金,双创龙头(588330.XSHG),多,100600股,100600股,0.954,95972.4,12977.4,0.825,-,0,1307.8,0股,15.64%,96007.57,99.96%
2025-10-09,,Cash,,,,,35.17,,,,,,,,0
2025-10-10,基金,科创富国(588940.XSHG),多,61200股,0股,1.484,90820.8,-795.6,1.497,-,0,-795.6,61200股,-0.87%,90867.84,99.95%
2025-10-10,,Cash,,,,,47.04,,,,,,,,0
2025-10-13,基金,国投白银LOF(161226.XSHE),多,68400股,0股,1.36,93024,1504.8,1.338,-,0,1504.8,68400股,1.64%,93088.73,99.93%
2025-10-13,,Cash,,,,,64.73,,,,,,,,0
2025-10-14,基金,国投白银LOF(161226.XSHE),多,68400股,68400股,1.356,92750.4,1231.2,1.338,-,0,-273.6,0股,1.35%,92815.13,99.93%
2025-10-14,,Cash,,,,,64.73,,,,,,,,0
2025-10-15,基金,国投白银LOF(161226.XSHE),多,68400股,68400股,1.402,95896.8,4377.6,1.338,-,0,3146.4,0股,4.78%,95961.53,99.93%
2025-10-15,,Cash,,,,,64.73,,,,,,,,0
2025-10-16,基金,国投白银LOF(161226.XSHE),多,68400股,68400股,1.446,98906.4,7387.2,1.338,-,0,3009.6,0股,8.07%,98971.13,99.93%
2025-10-16,,Cash,,,,,64.73,,,,,,,,0
2025-10-17,基金,国投白银LOF(161226.XSHE),多,68400股,68400股,1.469,100479.6,8960.4,1.338,-,0,1573.2,0股,9.79%,100544.33,99.94%
2025-10-17,,Cash,,,,,64.73,,,,,,,,0
2025-10-20,基金,国投白银LOF(161226.XSHE),多,68400股,68400股,1.367,93502.8,1983.6,1.338,-,0,-6976.8,0股,2.17%,93567.53,99.93%
2025-10-20,,Cash,,,,,64.73,,,,,,,,0
2025-10-21,基金,纳指ETF(513100.XSHG),多,49200股,49200股,1.873,92151.6,344.4,1.866,-,0,344.4,49200股,0.38%,92320.36,99.82%
2025-10-21,,Cash,,,,,168.76,,,,,,,,0
2025-10-22,基金,纳指ETF(513100.XSHG),多,49200股,49200股,1.883,92643.6,836.4,1.866,-,0,492,0股,0.91%,92812.36,99.82%
2025-10-22,,Cash,,,,,168.76,,,,,,,,0
2025-10-23,基金,纳指ETF(513100.XSHG),多,49200股,49200股,1.883,92643.6,836.4,1.866,-,0,0,0股,0.91%,92812.36,99.82%
2025-10-23,,Cash,,,,,168.76,,,,,,,,0
2025-10-24,基金,纳指ETF(513100.XSHG),多,49200股,49200股,1.902,93578.4,1771.2,1.866,-,0,934.8,0股,1.93%,93747.16,99.82%
2025-10-24,,Cash,,,,,168.76,,,,,,,,0
2025-10-27,基金,纳指ETF(513100.XSHG),多,49200股,49200股,1.956,96235.2,4428,1.866,-,0,2656.8,0股,4.82%,96403.96,99.82%
2025-10-27,,Cash,,,,,168.76,,,,,,,,0
2025-10-28,基金,黄金ETF(518880.XSHG),多,11000股,11000股,8.597,94567,-539,8.646,-,0,-539,11000股,-0.57%,95107.9,99.43%
2025-10-28,,Cash,,,,,540.9,,,,,,,,0
2025-10-29,基金,纳指ETF(513100.XSHG),多,48000股,48000股,2,96000,480,1.99,-,0,480,48000股,0.5%,96162.83,99.83%
2025-10-29,,Cash,,,,,162.83,,,,,,,,0
2025-10-30,基金,纳指ETF(513100.XSHG),多,48000股,48000股,1.985,95280,-240,1.99,-,0,-720,0股,-0.25%,95442.83,99.83%
2025-10-30,,Cash,,,,,162.83,,,,,,,,0
2025-10-31,基金,纳指ETF(513100.XSHG),多,48000股,48000股,1.982,95136,-384,1.99,-,0,-144,0股,-0.4%,95298.83,99.83%
2025-10-31,,Cash,,,,,162.83,,,,,,,,0
2025-11-03,基金,纳指ETF(513100.XSHG),多,48000股,48000股,1.976,94848,-672,1.99,-,0,-288,0股,-0.7%,95010.83,99.83%
2025-11-03,,Cash,,,,,162.83,,,,,,,,0
2025-11-04,基金,纳指ETF(513100.XSHG),多,48000股,48000股,1.94,93120,-2400,1.99,-,0,-1728,0股,-2.51%,93282.83,99.83%
2025-11-04,,Cash,,,,,162.83,,,,,,,,0
2025-11-05,基金,纳指ETF(513100.XSHG),多,48000股,48000股,1.912,91776,-3744,1.99,-,0,-1344,0股,-3.92%,91938.83,99.82%
2025-11-05,,Cash,,,,,162.83,,,,,,,,0
2025-11-06,基金,纳指ETF(513100.XSHG),多,48000股,48000股,1.949,93552,-1968,1.99,-,0,1776,0股,-2.06%,93714.83,99.83%
2025-11-06,,Cash,,,,,162.83,,,,,,,,0
2025-11-07,基金,纳指ETF(513100.XSHG),多,48000股,48000股,1.924,92352,-3168,1.99,-,0,-1200,0股,-3.32%,92514.83,99.82%
2025-11-07,,Cash,,,,,162.83,,,,,,,,0
2025-11-10,基金,纳指ETF(513100.XSHG),多,48000股,48000股,1.951,93648,-1872,1.99,-,0,1296,0股,-1.96%,93810.83,99.83%
2025-11-10,,Cash,,,,,162.83,,,,,,,,0
2025-11-11,基金,纳指ETF(513100.XSHG),多,48000股,48000股,1.959,94032,-1488,1.99,-,0,384,0股,-1.56%,94194.83,99.83%
2025-11-11,,Cash,,,,,162.83,,,,,,,,0
2025-11-12,基金,纳指ETF(513100.XSHG),多,48000股,48000股,1.974,94752,-768,1.99,-,0,720,0股,-0.8%,94914.83,99.83%
2025-11-12,,Cash,,,,,162.83,,,,,,,,0
2025-11-13,基金,纳指ETF(513100.XSHG),多,48000股,48000股,1.975,94800,-720,1.99,-,0,48,0股,-0.75%,94962.83,99.83%
2025-11-13,,Cash,,,,,162.83,,,,,,,,0
2025-11-14,基金,纳指ETF(513100.XSHG),多,48000股,48000股,1.923,92304,-3216,1.99,-,0,-2496,0股,-3.37%,92466.83,99.82%
2025-11-14,,Cash,,,,,162.83,,,,,,,,0
2025-11-17,基金,纳指ETF(513100.XSHG),多,48000股,48000股,1.909,91632,-3888,1.99,-,0,-672,0股,-4.07%,91794.83,99.82%
2025-11-17,,Cash,,,,,162.83,,,,,,,,0
2025-11-18,基金,豆粕ETF华夏(159985.XSHE),多,44300股,44300股,2.016,89308.8,177.2,2.012,-,0,177.2,44300股,0.2%,89458.2,99.83%
2025-11-18,,Cash,,,,,149.4,,,,,,,,0
2025-11-19,基金,豆粕ETF华夏(159985.XSHE),多,44300股,44300股,1.984,87891.2,-1240.4,2.012,-,0,-1417.6,0股,-1.39%,88040.6,99.83%
2025-11-19,,Cash,,,,,149.4,,,,,,,,0
2025-11-20,基金,豆粕ETF华夏(159985.XSHE),多,44300股,44300股,1.982,87802.6,-1329,2.012,-,0,-88.6,0股,-1.49%,87952,99.83%
2025-11-20,,Cash,,,,,149.4,,,,,,,,0
2025-11-21,基金,国投白银LOF(161226.XSHE),多,64500股,0股,1.369,88300.5,64.5,1.368,-,0,64.5,64500股,0.07%,88353.26,99.94%
2025-11-21,,Cash,,,,,52.76,,,,,,,,0
2025-11-24,基金,国投白银LOF(161226.XSHE),多,64500股,64500股,1.375,88687.5,451.5,1.368,-,0,387,0股,0.51%,88740.26,99.94%
2025-11-24,,Cash,,,,,52.76,,,,,,,,0
2025-11-25,基金,国投白银LOF(161226.XSHE),多,64500股,64500股,1.423,91783.5,3547.5,1.368,-,0,3096,0股,4.02%,91836.26,99.94%
2025-11-25,,Cash,,,,,52.76,,,,,,,,0
2025-11-26,基金,国投白银LOF(161226.XSHE),多,64500股,64500股,1.437,92686.5,4450.5,1.368,-,0,903,0股,5.04%,92739.26,99.94%
2025-11-26,,Cash,,,,,52.76,,,,,,,,0
2025-11-27,基金,国投白银LOF(161226.XSHE),多,64500股,64500股,1.476,95202,6966,1.368,-,0,2515.5,0股,7.89%,95254.76,99.94%
2025-11-27,,Cash,,,,,52.76,,,,,,,,0
2025-11-28,基金,国投白银LOF(161226.XSHE),多,64500股,64500股,1.528,98556,10320,1.368,-,0,3354,0股,11.7%,98608.76,99.95%
2025-11-28,,Cash,,,,,52.76,,,,,,,,0
2025-12-01,基金,国投白银LOF(161226.XSHE),多,64500股,64500股,1.617,104296.5,16060.5,1.368,-,0,5740.5,0股,18.2%,104349.26,99.95%
2025-12-01,,Cash,,,,,52.76,,,,,,,,0
2025-12-02,基金,国投白银LOF(161226.XSHE),多,64500股,64500股,1.61,103845,15609,1.368,-,0,-451.5,0股,17.69%,103897.76,99.95%
2025-12-02,,Cash,,,,,52.76,,,,,,,,0
2025-12-03,基金,国投白银LOF(161226.XSHE),多,64500股,64500股,1.679,108295.5,20059.5,1.368,-,0,4450.5,0股,22.73%,108348.26,99.95%
2025-12-03,,Cash,,,,,52.76,,,,,,,,0
2025-12-04,基金,国投白银LOF(161226.XSHE),多,64500股,64500股,1.689,108940.5,20704.5,1.368,-,0,645,0股,23.46%,108993.26,99.95%
2025-12-04,,Cash,,,,,52.76,,,,,,,,0
2025-12-05,基金,国投白银LOF(161226.XSHE),多,64500股,64500股,1.724,111198,22962,1.368,-,0,2257.5,0股,26.02%,111250.76,99.95%
2025-12-05,,Cash,,,,,52.76,,,,,,,,0
2025-12-08,基金,国投白银LOF(161226.XSHE),多,64500股,64500股,1.734,111843,23607,1.368,-,0,645,0股,26.75%,111895.76,99.95%
2025-12-08,,Cash,,,,,52.76,,,,,,,,0
2025-12-09,基金,国投白银LOF(161226.XSHE),多,64500股,64500股,1.709,110230.5,21994.5,1.368,-,0,-1612.5,0股,24.93%,110283.26,99.95%
2025-12-09,,Cash,,,,,52.76,,,,,,,,0
2025-12-10,基金,国投白银LOF(161226.XSHE),多,64500股,64500股,1.815,117067.5,28831.5,1.368,-,0,6837,0股,32.68%,117120.26,99.95%
2025-12-10,,Cash,,,,,52.76,,,,,,,,0
2025-12-11,基金,国投白银LOF(161226.XSHE),多,64500股,64500股,1.937,124936.5,36700.5,1.368,-,0,7869,0股,41.59%,124989.26,99.96%
2025-12-11,,Cash,,,,,52.76,,,,,,,,0
2025-12-12,基金,国投白银LOF(161226.XSHE),多,64500股,64500股,1.996,128742,40506,1.368,-,0,3805.5,0股,45.91%,128794.76,99.96%
2025-12-12,,Cash,,,,,52.76,,,,,,,,0
2025-12-15,基金,国投白银LOF(161226.XSHE),多,64500股,64500股,2.016,130032,41796,1.368,-,0,1290,0股,47.37%,130084.76,99.96%
2025-12-15,,Cash,,,,,52.76,,,,,,,,0
2025-12-16,基金,国投白银LOF(161226.XSHE),多,64500股,64500股,2.027,130741.5,42505.5,1.368,-,0,709.5,0股,48.17%,130794.26,99.96%
2025-12-16,,Cash,,,,,52.76,,,,,,,,0
2025-12-17,基金,国投白银LOF(161226.XSHE),多,64500股,64500股,2.229,143770.5,55534.5,1.368,-,0,13029,0股,62.94%,143823.26,99.96%
2025-12-17,,Cash,,,,,52.76,,,,,,,,0
2025-12-18,基金,国投白银LOF(161226.XSHE),多,64500股,64500股,2.332,150414,62178,1.368,-,0,6643.5,0股,70.47%,150466.76,99.96%
2025-12-18,,Cash,,,,,52.76,,,,,,,,0
2025-12-19,基金,国投白银LOF(161226.XSHE),多,64500股,64500股,2.341,150994.5,62758.5,1.368,-,0,580.5,0股,71.13%,151047.26,99.97%
2025-12-19,,Cash,,,,,52.76,,,,,,,,0
2025-12-22,基金,黄金ETF(518880.XSHG),多,17200股,17200股,9.511,163589.2,894.4,9.459,-,0,894.4,17200股,0.55%,163906.1,99.81%
2025-12-22,,Cash,,,,,316.9,,,,,,,,0
2025-12-23,基金,黄金ETF(518880.XSHG),多,17200股,17200股,9.639,165790.8,3096,9.459,-,0,2201.6,0股,1.9%,166107.7,99.81%
2025-12-23,,Cash,,,,,316.9,,,,,,,,0
2025-12-24,基金,创业板成长ETF华夏(159967.XSHE),多,256100股,0股,0.649,166208.9,256.1,0.648,-,0,256.1,256100股,0.15%,166244.63,99.98%
2025-12-24,,Cash,,,,,35.73,,,,,,,,0
2025-12-25,基金,创业板成长ETF华夏(159967.XSHE),多,256100股,256100股,0.648,165952.8,0,0.648,-,0,-256.1,0股,0%,165988.53,99.98%
2025-12-25,,Cash,,,,,35.73,,,,,,,,0
2025-12-26,基金,创业板成长ETF华夏(159967.XSHE),多,256100股,256100股,0.651,166721.1,768.3,0.648,-,0,768.3,0股,0.46%,166756.83,99.98%
2025-12-26,,Cash,,,,,35.73,,,,,,,,0
2025-12-29,基金,创业板成长ETF华夏(159967.XSHE),多,256100股,256100股,0.646,165440.6,-512.2,0.648,-,0,-1280.5,0股,-0.31%,165476.33,99.98%
2025-12-29,,Cash,,,,,35.73,,,,,,,,0
2025-12-30,基金,创业板成长ETF华夏(159967.XSHE),多,256100股,256100股,0.651,166721.1,768.3,0.648,-,0,1280.5,0股,0.46%,166756.83,99.98%
2025-12-30,,Cash,,,,,35.73,,,,,,,,0
2025-12-31,基金,创业板成长ETF华夏(159967.XSHE),多,256100股,256100股,0.636,162879.6,-3073.2,0.648,-,0,-3841.5,0股,-1.85%,162915.33,99.98%
2025-12-31,,Cash,,,,,35.73,,,,,,,,0
2026-01-05,基金,创业板成长ETF华夏(159967.XSHE),多,256100股,256100股,0.651,166721.1,768.3,0.648,-,0,3841.5,0股,0.46%,166756.83,99.98%
2026-01-05,,Cash,,,,,35.73,,,,,,,,0
2026-01-06,基金,创业板成长ETF华夏(159967.XSHE),多,256100股,256100股,0.649,166208.9,256.1,0.648,-,0,-512.2,0股,0.15%,166244.63,99.98%
2026-01-06,,Cash,,,,,35.73,,,,,,,,0
2026-01-07,基金,创业板成长ETF华夏(159967.XSHE),多,256100股,256100股,0.652,166977.2,1024.4,0.648,-,0,768.3,0股,0.62%,167012.93,99.98%
2026-01-07,,Cash,,,,,35.73,,,,,,,,0
2026-01-08,基金,国投白银LOF(161226.XSHE),多,66400股,0股,2.5,166000,2058.4,2.469,-,0,2058.4,66400股,1.26%,166221.42,99.87%
2026-01-08,,Cash,,,,,221.42,,,,,,,,0
2026-01-09,基金,国投白银LOF(161226.XSHE),多,66400股,66400股,2.53,167992,4050.4,2.469,-,0,1992,0股,2.47%,168213.42,99.87%
2026-01-09,,Cash,,,,,221.42,,,,,,,,0
2026-01-12,基金,国投白银LOF(161226.XSHE),多,66400股,66400股,2.71,179944,16002.4,2.469,-,0,11952,0股,9.76%,180165.42,99.88%
2026-01-12,,Cash,,,,,221.42,,,,,,,,0
2026-01-13,基金,国投白银LOF(161226.XSHE),多,66400股,66400股,2.748,182467.2,18525.6,2.469,-,0,2523.2,0股,11.3%,182688.62,99.88%
2026-01-13,,Cash,,,,,221.42,,,,,,,,0
2026-01-14,基金,国投白银LOF(161226.XSHE),多,66400股,66400股,2.998,199067.2,35125.6,2.469,-,0,16600,0股,21.43%,199288.62,99.89%
2026-01-14,,Cash,,,,,221.42,,,,,,,,0
2026-01-15,基金,国投白银LOF(161226.XSHE),多,66400股,66400股,3.071,203914.4,39972.8,2.469,-,0,4847.2,0股,24.38%,204135.82,99.89%
2026-01-15,,Cash,,,,,221.42,,,,,,,,0
2026-01-16,基金,国投白银LOF(161226.XSHE),多,66400股,66400股,3.094,205441.6,41500,2.469,-,0,1527.2,0股,25.31%,205663.02,99.89%
2026-01-16,,Cash,,,,,221.42,,,,,,,,0
2026-01-19,基金,国投白银LOF(161226.XSHE),多,66400股,66400股,3.384,224697.6,60756,2.469,-,0,19256,0股,37.06%,224919.02,99.9%
2026-01-19,,Cash,,,,,221.42,,,,,,,,0
2026-01-20,基金,国投白银LOF(161226.XSHE),多,66400股,66400股,3.59,238376,74434.4,2.469,-,0,13678.4,0股,45.4%,238597.42,99.91%
2026-01-20,,Cash,,,,,221.42,,,,,,,,0
2026-01-21,基金,国投白银LOF(161226.XSHE),多,66400股,66400股,3.92,260288,96346.4,2.469,-,0,21912,0股,58.77%,260509.42,99.92%
2026-01-21,,Cash,,,,,221.42,,,,,,,,0
2026-01-22,基金,国投白银LOF(161226.XSHE),多,66400股,66400股,3.92,260288,96346.4,2.469,-,0,0,0股,58.77%,260509.42,99.92%
2026-01-22,,Cash,,,,,221.42,,,,,,,,0
2026-01-23,基金,国投白银LOF(161226.XSHE),多,66400股,66400股,3.875,257300,93358.4,2.469,-,0,-2988,0股,56.95%,257521.42,99.91%
2026-01-23,,Cash,,,,,221.42,,,,,,,,0
2026-01-26,基金,国投白银LOF(161226.XSHE),多,66400股,66400股,4.183,277751.2,113809.6,2.469,-,0,20451.2,0股,69.42%,277972.62,99.92%
2026-01-26,,Cash,,,,,221.42,,,,,,,,0
2026-01-27,基金,国投白银LOF(161226.XSHE),多,66400股,66400股,4.336,287910.4,123968.8,2.469,-,0,10159.2,0股,75.62%,288131.82,99.92%
2026-01-27,,Cash,,,,,221.42,,,,,,,,0
2026-01-28,基金,科创富国(588940.XSHG),多,199500股,0股,1.596,318402,2194.5,1.585,-,0,2194.5,199500股,0.69%,318416.69,100%
2026-01-28,,Cash,,,,,14.69,,,,,,,,0
2026-01-29,,Cash,,,,,311403.05,,,,,,,,0
2026-01-30,基金,银华日利(511880.XSHG),多,3100股,3100股,100.137,310424.7,-12.4,100.141,-,0,-12.4,3100股,-0%,311359.61,99.7%
2026-01-30,,Cash,,,,,934.91,,,,,,,,0
2026-02-02,基金,银华日利(511880.XSHG),多,3100股,3100股,100.158,310489.8,21.7,100.151,-,0,21.7,3100股,0.01%,311328.52,99.73%
2026-02-02,,Cash,,,,,838.72,,,,,,,,0
2026-02-03,基金,豆粕ETF华夏(159985.XSHE),多,157200股,157200股,1.971,309841.2,-1257.6,1.979,-,0,-1257.6,157200股,-0.4%,309940.56,99.97%
2026-02-03,,Cash,,,,,99.36,,,,,,,,0
2026-02-04,基金,豆粕ETF华夏(159985.XSHE),多,157200股,157200股,1.975,310470,-628.8,1.979,-,0,628.8,0股,-0.2%,310569.36,99.97%
2026-02-04,,Cash,,,,,99.36,,,,,,,,0
2026-02-05,基金,豆粕ETF华夏(159985.XSHE),多,157200股,157200股,1.98,311256,157.2,1.979,-,0,786,0股,0.05%,311355.36,99.97%
2026-02-05,,Cash,,,,,99.36,,,,,,,,0
2026-02-06,基金,豆粕ETF华夏(159985.XSHE),多,157200股,157200股,1.982,311570.4,471.6,1.979,-,0,314.4,0股,0.15%,311669.76,99.97%
2026-02-06,,Cash,,,,,99.36,,,,,,,,0
2026-02-09,基金,南方原油(501018.XSHG),多,237400股,237400股,1.314,311943.6,-237.4,1.315,-,0,-237.4,237400股,-0.08%,311998.73,99.98%
2026-02-09,,Cash,,,,,55.13,,,,,,,,0
2026-02-10,基金,南方原油(501018.XSHG),多,237400股,237400股,1.395,331173,18992,1.315,-,0,19229.4,0股,6.08%,331228.13,99.98%
2026-02-10,,Cash,,,,,55.13,,,,,,,,0
2026-02-11,基金,南方原油(501018.XSHG),多,237400股,237400股,1.348,320015.2,7834.2,1.315,-,0,-11157.8,0股,2.51%,320070.33,99.98%
2026-02-11,,Cash,,,,,55.13,,,,,,,,0
2026-02-12,基金,黄金ETF(518880.XSHG),多,30100股,30100股,10.72,322672,-752.5,10.745,-,0,-752.5,30100股,-0.23%,323526.26,99.74%
2026-02-12,,Cash,,,,,854.26,,,,,,,,0
2026-02-13,基金,黄金ETF(518880.XSHG),多,30100股,30100股,10.575,318307.5,-5117,10.745,-,0,-4364.5,0股,-1.58%,319161.76,99.73%
2026-02-13,,Cash,,,,,854.26,,,,,,,,0
2026-02-24,基金,黄金ETF(518880.XSHG),多,30100股,30100股,10.95,329595,6170.5,10.745,-,0,11287.5,0股,1.91%,330449.26,99.74%
2026-02-24,,Cash,,,,,854.26,,,,,,,,0
2026-02-25,基金,黄金ETF(518880.XSHG),多,30100股,30100股,10.959,329865.9,6441.4,10.745,-,0,270.9,0股,1.99%,330720.16,99.74%
2026-02-25,,Cash,,,,,854.26,,,,,,,,0
2026-02-26,基金,豆粕ETF华夏(159985.XSHE),多,163200股,163200股,2.017,329174.4,-326.4,2.019,-,0,-326.4,163200股,-0.1%,329244.33,99.98%
2026-02-26,,Cash,,,,,69.93,,,,,,,,0
2026-02-27,基金,南方原油(501018.XSHG),多,229000股,229000股,1.439,329531,458,1.437,-,0,458,229000股,0.14%,329636.5,99.97%
2026-02-27,,Cash,,,,,105.5,,,,,,,,0
2026-03-02,基金,南方原油(501018.XSHG),多,229000股,229000股,1.583,362507,33434,1.437,-,0,32976,0股,10.16%,362612.5,99.97%
2026-03-02,,Cash,,,,,105.5,,,,,,,,0
2026-03-03,基金,南方原油(501018.XSHG),多,229000股,229000股,1.741,398689,69616,1.437,-,0,36182,0股,21.16%,398794.5,99.97%
2026-03-03,,Cash,,,,,105.5,,,,,,,,0
2026-03-04,基金,南方原油(501018.XSHG),多,229000股,229000股,1.7,389300,60227,1.437,-,0,-9389,0股,18.3%,389405.5,99.97%
2026-03-04,,Cash,,,,,105.5,,,,,,,,0
2026-03-05,基金,南方原油(501018.XSHG),多,229000股,229000股,1.633,373957,44884,1.437,-,0,-15343,0股,13.64%,374062.5,99.97%
2026-03-05,,Cash,,,,,105.5,,,,,,,,0
2026-03-06,基金,豆粕ETF华夏(159985.XSHE),多,172600股,172600股,2.126,366947.6,-1553.4,2.135,-,0,-1553.4,172600股,-0.42%,366939.41,100%
2026-03-06,,Cash,,,,,-8.19,,,,,,,,0
2026-03-09,基金,豆粕ETF华夏(159985.XSHE),多,172600股,172600股,2.232,385243.2,16742.2,2.135,-,0,18295.6,0股,4.54%,385235.01,100%
2026-03-09,,Cash,,,,,-8.19,,,,,,,,0
2026-03-10,基金,豆粕ETF华夏(159985.XSHE),多,172600股,172600股,2.179,376095.4,7594.4,2.135,-,0,-9147.8,0股,2.06%,376087.21,100%
2026-03-10,,Cash,,,,,-8.19,,,,,,,,0
2026-03-11,基金,豆粕ETF华夏(159985.XSHE),多,172600股,172600股,2.244,387314.4,18813.4,2.135,-,0,11219,0股,5.11%,387306.21,100%
2026-03-11,,Cash,,,,,-8.19,,,,,,,,0
2026-03-12,基金,豆粕ETF华夏(159985.XSHE),多,172600股,172600股,2.232,385243.2,16742.2,2.135,-,0,-2071.2,0股,4.54%,385235.01,100%
2026-03-12,,Cash,,,,,-8.19,,,,,,,,0
2026-03-13,基金,豆粕ETF华夏(159985.XSHE),多,172600股,172600股,2.321,400604.6,32103.6,2.135,-,0,15361.4,0股,8.71%,400596.41,100%
2026-03-13,,Cash,,,,,-8.19,,,,,,,,0
2026-03-16,基金,南方原油(501018.XSHG),多,209700股,209700股,1.93,404721,13001.4,1.868,-,0,13001.4,209700股,3.32%,404716.85,100%
2026-03-16,,Cash,,,,,-4.15,,,,,,,,0
2026-03-17,基金,南方原油(501018.XSHG),多,209700股,209700股,2.07,434079,42359.4,1.868,-,0,29358,0股,10.81%,434074.85,100%
2026-03-17,,Cash,,,,,-4.15,,,,,,,,0
2026-03-18,基金,南方原油(501018.XSHG),多,209700股,209700股,2.012,421916.4,30196.8,1.868,-,0,-12162.6,0股,7.71%,421912.25,100%
2026-03-18,,Cash,,,,,-4.15,,,,,,,,0
2026-03-19,基金,南方原油(501018.XSHG),多,209700股,209700股,2.213,464066.1,72346.5,1.868,-,0,42149.7,0股,18.47%,464061.95,100%
2026-03-19,,Cash,,,,,-4.15,,,,,,,,0
2026-03-20,基金,南方原油(501018.XSHG),多,209700股,209700股,2.325,487552.5,95832.9,1.868,-,0,23486.4,0股,24.46%,487548.35,100%
2026-03-20,,Cash,,,,,-4.15,,,,,,,,0
2026-03-23,基金,南方原油(501018.XSHG),多,209700股,209700股,2.558,536412.6,144693,1.868,-,0,48860.1,0股,36.94%,536408.45,100%
2026-03-23,,Cash,,,,,-4.15,,,,,,,,0
2026-03-24,基金,南方原油(501018.XSHG),多,209700股,209700股,2.558,536412.6,144693,1.868,-,0,0,0股,36.94%,536408.45,100%
2026-03-24,,Cash,,,,,-4.15,,,,,,,,0
2026-03-25,基金,豆粕ETF华夏(159985.XSHE),多,230900股,230900股,2.159,498513.1,-6696.1,2.188,-,0,-6696.1,230900股,-1.33%,498575.7,99.99%
2026-03-25,,Cash,,,,,62.6,,,,,,,,0
2026-03-26,基金,银华日利(511880.XSHG),多,5000股,5000股,100.298,501490,-5,100.299,-,0,-5,5000股,-0%,503549.99,99.59%
2026-03-26,,Cash,,,,,2059.99,,,,,,,,0
2026-03-27,基金,创业板成长ETF华夏(159967.XSHE),多,780500股,0股,0.647,504983.5,1561,0.645,-,0,1561,780500股,0.31%,504975.5,100%
2026-03-27,,Cash,,,,,-8,,,,,,,,0
2026-03-30,基金,创业板成长ETF华夏(159967.XSHE),多,780500股,780500股,0.644,502642,-780.5,0.645,-,0,-2341.5,0股,-0.16%,502634,100%
2026-03-30,,Cash,,,,,-8,,,,,,,,0
2026-03-31,基金,银华日利(511880.XSHG),多,4900股,4900股,100.312,491528.8,-4.9,100.313,-,0,-4.9,4900股,-0%,491603.77,99.98%
2026-03-31,,Cash,,,,,74.97,,,,,,,,0
2026-04-01,基金,银华日利(511880.XSHG),多,4900股,4900股,100.312,491528.8,-4.9,100.313,-,0,0,0股,-0%,491603.77,99.98%
2026-04-01,,Cash,,,,,74.97,,,,,,,,0
2026-04-02,基金,银华日利(511880.XSHG),多,4900股,4900股,100.327,491602.3,68.6,100.313,-,0,73.5,0股,0.01%,491677.27,99.98%
2026-04-02,,Cash,,,,,74.97,,,,,,,,0
2026-04-03,基金,银华日利(511880.XSHG),多,4900股,4900股,100.367,491798.3,264.6,100.313,-,0,196,0股,0.05%,491873.27,99.98%
2026-04-03,,Cash,,,,,74.97,,,,,,,,0
2026-04-07,基金,创业板成长ETF华夏(159967.XSHE),多,768200股,0股,0.635,487807,-3841,0.64,-,0,-3841,768200股,-0.78%,487816.34,100%
2026-04-07,,Cash,,,,,9.34,,,,,,,,0
2026-04-08,基金,银华日利(511880.XSHG),多,5100股,5100股,100.325,511657.5,-35.7,100.332,-,0,-35.7,5100股,-0.01%,520709.99,98.26%
2026-04-08,,Cash,,,,,9052.49,,,,,,,,0
2026-04-09,基金,创业板成长ETF华夏(159967.XSHE),多,761200股,0股,0.682,519138.4,-1522.4,0.684,-,0,-1522.4,761200股,-0.29%,519120.05,100%
2026-04-09,,Cash,,,,,-18.35,,,,,,,,0
2026-04-10,基金,创业板成长ETF华夏(159967.XSHE),多,761200股,761200股,0.712,541974.4,21313.6,0.684,-,0,22836,0股,4.09%,541956.05,100%
2026-04-10,,Cash,,,,,-18.35,,,,,,,,0
2026-04-13,基金,创业板成长ETF华夏(159967.XSHE),多,761200股,761200股,0.717,545780.4,25119.6,0.684,-,0,3806,0股,4.82%,545762.05,100%
2026-04-13,,Cash,,,,,-18.35,,,,,,,,0
2026-04-14,基金,创业板成长ETF华夏(159967.XSHE),多,761200股,761200股,0.736,560243.2,39582.4,0.684,-,0,14462.8,0股,7.6%,560224.85,100%
2026-04-14,,Cash,,,,,-18.35,,,,,,,,0
2026-04-15,基金,创业板成长ETF华夏(159967.XSHE),多,761200股,761200股,0.725,551870,31209.2,0.684,-,0,-8373.2,0股,5.99%,551851.65,100%
2026-04-15,,Cash,,,,,-18.35,,,,,,,,0
2026-04-16,基金,创业板成长ETF华夏(159967.XSHE),多,761200股,761200股,0.757,576228.4,55567.6,0.684,-,0,24358.4,0股,10.67%,576210.05,100%
2026-04-16,,Cash,,,,,-18.35,,,,,,,,0
2026-04-17,基金,创业板成长ETF华夏(159967.XSHE),多,761200股,761200股,0.789,600586.8,79926,0.684,-,0,24358.4,0股,15.35%,600568.45,100%
2026-04-17,,Cash,,,,,-18.35,,,,,,,,0
2026-04-20,基金,创业板成长ETF华夏(159967.XSHE),多,761200股,761200股,0.789,600586.8,79926,0.684,-,0,0,0股,15.35%,600568.45,100%
2026-04-20,,Cash,,,,,-18.35,,,,,,,,0
2026-04-21,基金,创业板成长ETF华夏(159967.XSHE),多,761200股,761200股,0.786,598303.2,77642.4,0.684,-,0,-2283.6,0股,14.91%,598284.85,100%
2026-04-21,,Cash,,,,,-18.35,,,,,,,,0
2026-04-22,基金,创业板成长ETF华夏(159967.XSHE),多,761200股,761200股,0.814,619616.8,98956,0.684,-,0,21313.6,0股,19.01%,619598.45,100%
2026-04-22,,Cash,,,,,-18.35,,,,,,,,0
2026-04-23,基金,创业板成长ETF华夏(159967.XSHE),多,761200股,761200股,0.801,609721.2,89060.4,0.684,-,0,-9895.6,0股,17.11%,609702.85,100%
2026-04-23,,Cash,,,,,-18.35,,,,,,,,0
2026-04-24,基金,创业板成长ETF华夏(159967.XSHE),多,761200股,761200股,0.777,591452.4,70791.6,0.684,-,0,-18268.8,0股,13.6%,591434.05,100%
2026-04-24,,Cash,,,,,-18.35,,,,,,,,0
2026-04-27,基金,创业板成长ETF华夏(159967.XSHE),多,761200股,761200股,0.776,590691.2,70030.4,0.684,-,0,-761.2,0股,13.45%,590672.85,100%
2026-04-27,,Cash,,,,,-18.35,,,,,,,,0
2026-04-28,基金,创业板成长ETF华夏(159967.XSHE),多,761200股,761200股,0.764,581556.8,60896,0.684,-,0,-9134.4,0股,11.7%,581538.45,100%
2026-04-28,,Cash,,,,,-18.35,,,,,,,,0
2026-04-29,基金,创业板成长ETF华夏(159967.XSHE),多,761200股,761200股,0.785,597542,76881.2,0.684,-,0,15985.2,0股,14.77%,597523.65,100%
2026-04-29,,Cash,,,,,-18.35,,,,,,,,0
2026-04-30,基金,创业板成长ETF华夏(159967.XSHE),多,761200股,761200股,0.781,594497.2,73836.4,0.684,-,0,-3044.8,0股,14.18%,594478.85,100%
2026-04-30,,Cash,,,,,-18.35,,,,,,,,0
2026-05-06,基金,创业板成长ETF华夏(159967.XSHE),多,761200股,761200股,0.798,607437.6,86776.8,0.684,-,0,12940.4,0股,16.67%,607419.25,100%
2026-05-06,,Cash,,,,,-18.35,,,,,,,,0
2026-05-07,基金,科创富国(588940.XSHG),多,361300股,0股,1.734,626494.2,3974.3,1.723,-,0,3974.3,361300股,0.64%,626493.03,100%
2026-05-07,,Cash,,,,,-1.17,,,,,,,,0
2026-05-08,基金,科创富国(588940.XSHG),多,361300股,361300股,1.696,612764.8,-9755.1,1.723,-,0,-13729.4,0股,-1.57%,612763.63,100%
2026-05-08,,Cash,,,,,-1.17,,,,,,,,0
2026-05-11,基金,科创富国(588940.XSHG),多,361300股,361300股,1.774,640946.2,18426.3,1.723,-,0,28181.4,0股,2.96%,640945.03,100%
2026-05-11,,Cash,,,,,-1.17,,,,,,,,0
2026-05-12,基金,科创富国(588940.XSHG),多,361300股,361300股,1.784,644559.2,22039.3,1.723,-,0,3613,0股,3.54%,644558.03,100%
2026-05-12,,Cash,,,,,-1.17,,,,,,,,0
2026-05-13,基金,科创富国(588940.XSHG),多,361300股,361300股,1.825,659372.5,36852.6,1.723,-,0,14813.3,0股,5.92%,659371.33,100%
2026-05-13,,Cash,,,,,-1.17,,,,,,,,0
2026-05-14,基金,科创富国(588940.XSHG),多,361300股,361300股,1.779,642752.7,20232.8,1.723,-,0,-16619.8,0股,3.25%,642751.53,100%
2026-05-14,,Cash,,,,,-1.17,,,,,,,,0
2026-05-15,基金,科创富国(588940.XSHG),多,361300股,361300股,1.751,632636.3,10116.4,1.723,-,0,-10116.4,0股,1.63%,632635.13,100%
2026-05-15,,Cash,,,,,-1.17,,,,,,,,0
2026-05-18,基金,科创富国(588940.XSHG),多,361300股,361300股,1.769,639139.7,16619.8,1.723,-,0,6503.4,0股,2.67%,639138.53,100%
2026-05-18,,Cash,,,,,-1.17,,,,,,,,0
2026-05-19,基金,科创富国(588940.XSHG),多,361300股,361300股,1.832,661901.6,39381.7,1.723,-,0,22761.9,0股,6.33%,661900.43,100%
2026-05-19,,Cash,,,,,-1.17,,,,,,,,0
2026-05-20,基金,科创富国(588940.XSHG),多,361300股,361300股,1.895,684663.5,62143.6,1.723,-,0,22761.9,0股,9.98%,684662.33,100%
2026-05-20,,Cash,,,,,-1.17,,,,,,,,0
2026-05-21,基金,科创富国(588940.XSHG),多,361300股,361300股,1.831,661540.3,39020.4,1.723,-,0,-23123.2,0股,6.27%,661539.13,100%
2026-05-21,,Cash,,,,,-1.17,,,,,,,,0
2026-05-22,基金,双创龙头(588330.XSHG),多,529200股,0股,1.26,666792,3175.2,1.254,-,0,3175.2,529200股,0.48%,666749.4,100%
2026-05-22,,Cash,,,,,-42.6,,,,,,,,0
2026-05-25,基金,双创龙头(588330.XSHG),多,529200股,529200股,1.321,699073.2,35456.4,1.254,-,0,32281.2,0股,5.34%,699030.6,100%
2026-05-25,,Cash,,,,,-42.6,,,,,,,,0
2026-05-26,基金,双创龙头(588330.XSHG),多,529200股,529200股,1.324,700660.8,37044,1.254,-,0,1587.6,0股,5.58%,700618.2,100%
2026-05-26,,Cash,,,,,-42.6,,,,,,,,0
2026-05-27,基金,科创富国(588940.XSHG),多,369200股,0股,1.876,692619.2,-369.2,1.877,-,0,-369.2,369200股,-0.05%,692701.58,99.99%
2026-05-27,,Cash,,,,,82.38,,,,,,,,0
2026-05-28,基金,双创龙头(588330.XSHG),多,523200股,0股,1.352,707366.4,2616,1.347,-,0,2616,523200股,0.37%,707360.22,100%
2026-05-28,,Cash,,,,,-6.18,,,,,,,,0
2026-05-29,基金,双创龙头(588330.XSHG),多,523200股,523200股,1.309,684868.8,-19881.6,1.347,-,0,-22497.6,0股,-2.82%,684862.62,100%
2026-05-29,,Cash,,,,,-6.18,,,,,,,,0
2026-06-01,基金,创业板成长ETF华夏(159967.XSHE),多,732100股,0股,0.894,654497.4,-12445.7,0.911,-,0,-12445.7,732100股,-1.87%,654494.72,100%
2026-06-01,,Cash,,,,,-2.68,,,,,,,,0
2026-06-02,基金,纳指ETF(513100.XSHG),多,293600股,293600股,2.343,687904.8,1468,2.338,-,0,1468,293600股,0.21%,688037.81,99.98%
2026-06-02,,Cash,,,,,133.01,,,,,,,,0
2026-06-03,基金,纳指ETF(513100.XSHG),多,293600股,293600股,2.299,674986.4,-11450.4,2.338,-,0,-12918.4,0股,-1.67%,675119.41,99.98%
2026-06-03,,Cash,,,,,133.01,,,,,,,,0
2026-06-04,基金,纳指ETF(513100.XSHG),多,293600股,293600股,2.24,657664,-28772.8,2.338,-,0,-17322.4,0股,-4.19%,657797.01,99.98%
2026-06-04,,Cash,,,,,133.01,,,,,,,,0
2026-06-05,基金,创业板成长ETF华夏(159967.XSHE),多,698200股,0股,0.922,643740.4,-6283.8,0.931,-,0,-6283.8,698200股,-0.97%,643749.6,100%
2026-06-05,,Cash,,,,,9.2,,,,,,,,0
2026-06-08,基金,纳指ETF(513100.XSHG),多,291500股,291500股,2.114,616231,-1457.5,2.119,-,0,-1457.5,291500股,-0.24%,616335.14,99.98%
2026-06-08,,Cash,,,,,104.14,,,,,,,,0
2026-06-09,基金,银华日利(511880.XSHG),多,6300股,6300股,100.514,633238.2,-37.8,100.52,-,0,-37.8,6300股,-0.01%,635409.47,99.66%
2026-06-09,,Cash,,,,,2171.27,,,,,,,,0
2026-06-10,基金,银华日利(511880.XSHG),多,6300股,6300股,100.517,633257.1,-18.9,100.52,-,0,18.9,0股,-0%,635428.37,99.66%
2026-06-10,,Cash,,,,,2171.27,,,,,,,,0
2026-06-11,基金,银华日利(511880.XSHG),多,6300股,6300股,100.523,633294.9,18.9,100.52,-,0,37.8,0股,0%,635466.17,99.66%
2026-06-11,,Cash,,,,,2171.27,,,,,,,,0
2026-06-12,基金,创业板成长ETF华夏(159967.XSHE),多,705900股,0股,0.896,632486.4,-2823.6,0.9,-,0,-2823.6,705900股,-0.44%,632440.11,100%
2026-06-12,,Cash,,,,,-46.29,,,,,,,,0
2026-06-15,基金,创业板成长ETF华夏(159967.XSHE),多,705900股,705900股,0.96,677664,42354,0.9,-,0,45177.6,0股,6.67%,677617.71,100%
2026-06-15,,Cash,,,,,-46.29,,,,,,,,0
2026-06-16,基金,创业板成长ETF华夏(159967.XSHE),多,705900股,705900股,0.981,692487.9,57177.9,0.9,-,0,14823.9,0股,9%,692441.61,100%
2026-06-16,,Cash,,,,,-46.29,,,,,,,,0
2026-06-17,基金,创业板成长ETF华夏(159967.XSHE),多,705900股,705900股,1.013,715076.7,79766.7,0.9,-,0,22588.8,0股,12.56%,715030.41,100%
2026-06-17,,Cash,,,,,-46.29,,,,,,,,0
2026-06-18,基金,创业板成长ETF华夏(159967.XSHE),多,705900股,705900股,1.031,727782.9,92472.9,0.9,-,0,12706.2,0股,14.56%,727736.61,100%
2026-06-18,,Cash,,,,,-46.29,,,,,,,,0
2026-06-22,基金,创业板成长ETF华夏(159967.XSHE),多,705900股,705900股,1.059,747548.1,112238.1,0.9,-,0,19765.2,0股,17.67%,747501.81,100%
2026-06-22,,Cash,,,,,-46.29,,,,,,,,0
2026-06-23,基金,创业板成长ETF华夏(159967.XSHE),多,705900股,705900股,1.016,717194.4,81884.4,0.9,-,0,-30353.7,0股,12.89%,717148.11,100%
2026-06-23,,Cash,,,,,-46.29,,,,,,,,0
2026-06-24,基金,科创富国(588940.XSHG),多,357700股,0股,2.06,736862,7869.4,2.038,-,0,7869.4,357700股,1.08%,736871.99,100%
2026-06-24,,Cash,,,,,9.99,,,,,,,,0
2026-06-25,基金,科创富国(588940.XSHG),多,357700股,357700股,2.139,765120.3,36127.7,2.038,-,0,28258.3,0股,4.96%,765130.29,100%
2026-06-25,,Cash,,,,,9.99,,,,,,,,0
2026-06-26,基金,科创富国(588940.XSHG),多,357700股,357700股,2.099,750812.3,21819.7,2.038,-,0,-14308,0股,2.99%,750822.29,100%
2026-06-26,,Cash,,,,,9.99,,,,,,,,0
2026-06-29,基金,科创富国(588940.XSHG),多,357700股,357700股,2.202,787655.4,58662.8,2.038,-,0,36843.1,0股,8.05%,787665.39,100%
2026-06-29,,Cash,,,,,9.99,,,,,,,,0
2026-06-30,基金,科创富国(588940.XSHG),多,357700股,357700股,2.289,818775.3,89782.7,2.038,-,0,31119.9,0股,12.32%,818785.29,100%
2026-06-30,,Cash,,,,,9.99,,,,,,,,0
2026-07-01,基金,科创富国(588940.XSHG),多,357700股,357700股,2.242,801963.4,72970.8,2.038,-,0,-16811.9,0股,10.01%,801973.39,100%
2026-07-01,,Cash,,,,,9.99,,,,,,,,0
2026-07-02,基金,科创富国(588940.XSHG),多,357700股,357700股,2.093,748666.1,19673.5,2.038,-,0,-53297.3,0股,2.7%,748676.09,100%
2026-07-02,,Cash,,,,,9.99,,,,,,,,0
2026-07-03,基金,银华日利(511880.XSHG),多,7300股,7300股,100.616,734496.8,87.6,100.604,-,0,87.6,7300股,0.01%,742177.43,98.97%
2026-07-03,,Cash,,,,,7680.63,,,,,,,,0
2026-07-06,基金,银华日利(511880.XSHG),多,7300股,7300股,100.605,734416.5,7.3,100.604,-,0,-80.3,0股,0%,742097.13,98.97%
2026-07-06,,Cash,,,,,7680.63,,,,,,,,0
2026-07-07,基金,豆粕ETF华夏(159985.XSHE),多,349900股,349900股,2.151,752634.9,10846.9,2.12,-,0,10846.9,349900股,1.46%,752723.42,99.99%
2026-07-07,,Cash,,,,,88.52,,,,,,,,0
2026-07-08,基金,科创富国(588940.XSHG),多,358800股,0股,2.086,748456.8,-7893.6,2.108,-,0,-7893.6,358800股,-1.04%,748527.43,99.99%
2026-07-08,,Cash,,,,,70.63,,,,,,,,0
2026-07-09,基金,科创富国(588940.XSHG),多,358800股,358800股,2.262,811605.6,55255.2,2.108,-,0,63148.8,0股,7.31%,811676.23,99.99%
2026-07-09,,Cash,,,,,70.63,,,,,,,,0
2026-07-10,基金,科创富国(588940.XSHG),多,358800股,358800股,2.151,771778.8,15428.4,2.108,-,0,-39826.8,0股,2.04%,771849.43,99.99%
2026-07-10,,Cash,,,,,70.63,,,,,,,,0
2026-07-13,基金,豆粕ETF华夏(159985.XSHE),多,340600股,340600股,2.206,751363.6,4768.4,2.192,-,0,4768.4,340600股,0.64%,751352.51,100%
2026-07-13,,Cash,,,,,-11.09,,,,,,,,0
2026-07-14,基金,豆粕ETF华夏(159985.XSHE),多,340600股,340600股,2.203,750341.8,3746.6,2.192,-,0,-1021.8,0股,0.5%,750330.71,100%
2026-07-14,,Cash,,,,,-11.09,,,,,,,,0
2026-07-15,基金,豆粕ETF华夏(159985.XSHE),多,340600股,340600股,2.231,759878.6,13283.4,2.192,-,0,9536.8,0股,1.78%,759867.51,100%
2026-07-15,,Cash,,,,,-11.09,,,,,,,,0
2026-07-16,基金,豆粕ETF华夏(159985.XSHE),多,340600股,340600股,2.148,731608.8,-14986.4,2.192,-,0,-28269.8,0股,-2.01%,731597.71,100%
2026-07-16,,Cash,,,,,-11.09,,,,,,,,0
